codice_provincia,nome_provincia,anno,tasso_disoccupazione,reddito_irpef_procapite,tasso_omicidi_100k
1,Torino,2007,4.634312,20727.360483386277,0.6
1,Torino,2008,5.644453,21024.81404999729,0.7
1,Torino,2009,8.279711,20859.05992552405,0.6
1,Torino,2010,9.316135,21169.900695688222,1.0
1,Torino,2011,9.065216,21594.14334751449,0.7
1,Torino,2012,9.778839,21493.10852511284,0.9
1,Torino,2013,11.295832,21976.103445699948,0.8
1,Torino,2014,12.929753,22475.68931470872,0.7
1,Torino,2015,11.918583,22982.350624381223,0.4
1,Torino,2016,10.421981,23194.670287839737,0.4
1,Torino,2017,9.374849,22958.357812142025,0.4
1,Torino,2018,9.216796,23814.916407230718,0.4
1,Torino,2019,8.335016,23778.66340689539,0.5
1,Torino,2020,8.325836,23297.31576675967,0.9
1,Torino,2021,8.2563,24393.641195905377,0.8
1,Torino,2022,7.395197,25353.505307744854,0.4
1,Torino,2023,7.005268,26488.04267609933,0.4
1,Torino,2024,6.307426,26488.04267609933,0.4
2,Vercelli,2007,4.215199,18423.44327666373,1.1
2,Vercelli,2008,4.359732,18721.34447760333,0.6
2,Vercelli,2009,5.196926,18741.47775613102,0.6
2,Vercelli,2010,5.784214,19048.53853403527,0.6
2,Vercelli,2011,6.273194,19456.07851301226,1.1
2,Vercelli,2012,11.041494,19451.651633157337,0.6
2,Vercelli,2013,11.897341,20065.84365977728,0.6
2,Vercelli,2014,11.068354,20270.654016993485,1.7
2,Vercelli,2015,9.640858,20709.509931251167,1.7
2,Vercelli,2016,9.037227,20879.15565617229,1.2
2,Vercelli,2017,9.61636,20341.86608549848,0.6
2,Vercelli,2018,7.178064,21301.16223849128,1.2
2,Vercelli,2019,7.945213,21378.70200414111,1.2
2,Vercelli,2020,8.231084,21188.715583513556,0.6
2,Vercelli,2021,8.23105,22127.431200777293,0.6
2,Vercelli,2022,5.38868,23095.345759574582,0.6
2,Vercelli,2023,6.62794,24298.803547247346,0.6
2,Vercelli,2024,6.841564,24298.803547247346,0.6
3,Novara,2007,5.320324,20355.61404508959,0.8
3,Novara,2008,5.510683,20638.52891404052,0.6
3,Novara,2009,7.41176,20580.14837875853,0.3
3,Novara,2010,7.509308,20827.718453723774,1.1
3,Novara,2011,7.745059,21216.33306323306,1.1
3,Novara,2012,10.236045,21197.51954973445,0.5
3,Novara,2013,12.274469,21776.6939498967,0.3
3,Novara,2014,11.275205,22175.43862045416,0.5
3,Novara,2015,9.124094,22663.770449659314,0.8
3,Novara,2016,9.432055,22831.253696710497,1.4
3,Novara,2017,11.154127,22611.34108931905,0.3
3,Novara,2018,8.503133,23433.76660308912,0.3
3,Novara,2019,7.981822,23493.361147302912,1.4
3,Novara,2020,7.051419,23234.03504765911,0.3
3,Novara,2021,7.675644,24341.036724236805,0.6
3,Novara,2022,6.510751,25447.78458315724,0.3
3,Novara,2023,5.616114,26424.292228359885,0.8
3,Novara,2024,5.648203,26424.292228359885,0.8
4,Cuneo,2007,2.244536,18065.37859249876,0.9
4,Cuneo,2008,3.472184,18314.141995395035,0.9
4,Cuneo,2009,2.848526,18459.283697478237,0.5
4,Cuneo,2010,3.340594,18783.15929187594,1.0
4,Cuneo,2011,3.831223,19211.52570331214,0.7
4,Cuneo,2012,6.234174,19220.888702348377,0.8
4,Cuneo,2013,6.781803,19757.08438555161,0.3
4,Cuneo,2014,5.271988,20028.907386868806,0.3
4,Cuneo,2015,5.330406,20474.09603068865,0.5
4,Cuneo,2016,6.300377,20611.709889254096,0.7
4,Cuneo,2017,6.105767,20300.64889266497,0.7
4,Cuneo,2018,4.345369,21295.650074512283,0.3
4,Cuneo,2019,4.835869,21379.873067362525,0.3
4,Cuneo,2020,4.678946,21148.04163670309,0.2
4,Cuneo,2021,4.620067,22277.843212383963,0.3
4,Cuneo,2022,3.639099,23378.82199646742,0.2
4,Cuneo,2023,3.566721,24618.69802502304,0.5
4,Cuneo,2024,2.741504,24618.69802502304,0.5
5,Asti,2007,3.224515,17801.407011318148,1.4
5,Asti,2008,4.234968,18073.11148372569,1.4
5,Asti,2009,5.799501,18011.396221241957,1.4
5,Asti,2010,6.319391,18263.487759244766,0.9
5,Asti,2011,5.500478,18658.210851774376,0.5
5,Asti,2012,7.595725,18677.72247468708,0.5
5,Asti,2013,9.550533,19179.04911549821,0.9
5,Asti,2014,10.465514,19423.567117566152,0.9
5,Asti,2015,9.507908,19828.31392116511,1.8
5,Asti,2016,7.267328,20023.581586873912,1.8
5,Asti,2017,9.167796,19643.627656346787,0.5
5,Asti,2018,8.379166,20644.95714665452,0.5
5,Asti,2019,5.56737,20659.16739532644,0.5
5,Asti,2020,7.196926,20446.519912385505,0.5
5,Asti,2021,7.446965,21463.659892347416,0.5
5,Asti,2022,7.829637,22533.614930673088,0.5
5,Asti,2023,6.91528,23836.640565372814,0.5
5,Asti,2024,6.410934,23836.640565372814,0.5
6,Alessandria,2007,4.610505,18519.203630230026,1.4
6,Alessandria,2008,4.826227,18842.221543711552,0.2
6,Alessandria,2009,5.777217,18857.20056131913,0.7
6,Alessandria,2010,5.315143,19138.778230097105,0.7
6,Alessandria,2011,6.643179,19560.26774274627,1.8
6,Alessandria,2012,10.415961,19575.87605511957,0.5
6,Alessandria,2013,11.714368,20089.217867767973,0.2
6,Alessandria,2014,13.448677,20365.31153885324,0.2
6,Alessandria,2015,11.525308,20724.39761455608,0.5
6,Alessandria,2016,10.763573,20854.298603755728,0.9
6,Alessandria,2017,11.631584,20545.277599462806,0.7
6,Alessandria,2018,10.029685,21420.02884640103,0.9
6,Alessandria,2019,9.168498,21445.41020625832,1.2
6,Alessandria,2020,9.825606,21288.31276674889,1.0
6,Alessandria,2021,6.866776,22270.292840811333,0.2
6,Alessandria,2022,7.023686,23387.969094062395,0.7
6,Alessandria,2023,6.659217,24546.540577099397,0.7
6,Alessandria,2024,4.982512,24546.540577099397,0.7
7,Aosta,2007,3.171709,19501.632613182057,0.8
7,Aosta,2008,3.311833,20062.51760398272,0.8
7,Aosta,2009,4.517867,20421.221825920155,0.8
7,Aosta,2010,4.459987,20641.75350321648,0.8
7,Aosta,2011,5.250544,20933.55658419793,1.6
7,Aosta,2012,7.107765,20776.11878582465,0.8
7,Aosta,2013,8.257127,21360.159475619115,0.8
7,Aosta,2014,8.916829,21369.685522853822,0.8
7,Aosta,2015,8.879693,21716.17885200724,0.8
7,Aosta,2016,8.673983,21845.43346792932,0.8
7,Aosta,2017,7.799016,21684.4292461063,0.8
7,Aosta,2018,7.035465,22406.208257481238,0.8
7,Aosta,2019,6.485692,22501.515475181503,0.8
7,Aosta,2020,5.852896,22037.307085881963,0.8
7,Aosta,2021,7.259829,22645.55740702692,1.6
7,Aosta,2022,5.352811,24374.3306457331,1.6
7,Aosta,2023,4.042185,26164.19480807409,1.6
7,Aosta,2024,3.897242,26164.19480807409,1.6
8,Imperia,2007,4.530236,16351.938540348636,1.4
8,Imperia,2008,6.381232,16652.998602165106,0.5
8,Imperia,2009,6.707181,16907.294859729733,0.5
8,Imperia,2010,9.993562,17164.40077830641,0.9
8,Imperia,2011,7.782779,17536.4343363163,1.4
8,Imperia,2012,8.344236,17443.409979791893,0.9
8,Imperia,2013,12.270386,17968.516075707677,0.5
8,Imperia,2014,13.772076,18147.927428906096,1.4
8,Imperia,2015,11.010368,18438.37684826181,1.4
8,Imperia,2016,12.994456,18566.875482803018,1.4
8,Imperia,2017,14.444939,18110.23361211868,1.4
8,Imperia,2018,13.494357,19028.32506617637,0.9
8,Imperia,2019,13.571343,19055.691616532036,0.5
8,Imperia,2020,10.017136,18571.617620609395,1.0
8,Imperia,2021,11.129538,19473.082145679666,1.4
8,Imperia,2022,9.214291,20466.478078488846,0.5
8,Imperia,2023,8.386873,21437.53200445391,0.5
8,Imperia,2024,5.622733,21437.53200445391,0.5
9,Savona,2007,4.359381,18620.31777445517,1.4
9,Savona,2008,5.450858,18938.38034374574,1.4
9,Savona,2009,4.89623,19218.535894427885,1.1
9,Savona,2010,4.405761,19415.06718387624,1.8
9,Savona,2011,4.495723,19808.4413397823,1.1
9,Savona,2012,7.056363,19693.06452358927,0.7
9,Savona,2013,10.427643,20260.34128536106,0.7
9,Savona,2014,9.461926,20513.710082549984,0.4
9,Savona,2015,9.384584,20852.4960292425,1.4
9,Savona,2016,6.365057,20995.69823877971,1.4
9,Savona,2017,6.702906,20492.129923874232,0.4
9,Savona,2018,7.799523,21747.86989942217,0.4
9,Savona,2019,5.64035,21467.98207305892,0.4
9,Savona,2020,6.41564,21118.02327122799,0.7
9,Savona,2021,7.572424,22138.93117014628,0.7
9,Savona,2022,5.006549,23182.829643473266,0.7
9,Savona,2023,6.077865,24294.77673742146,1.1
9,Savona,2024,5.756814,24294.77673742146,1.1
10,Genova,2007,4.39511,20778.087514672,0.8
10,Genova,2008,5.408983,21243.918568040564,2.0
10,Genova,2009,5.569419,21401.541519855044,1.1
10,Genova,2010,6.491446,21621.379311604367,1.3
10,Genova,2011,6.99485,22012.581544217133,1.3
10,Genova,2012,7.705542,22011.56970222305,0.5
10,Genova,2013,9.152672,22344.672760838585,0.3
10,Genova,2014,10.124831,22562.062965791683,0.6
10,Genova,2015,8.272349,23054.243566543893,0.2
10,Genova,2016,9.907382,23164.862979763268,0.8
10,Genova,2017,9.126775,22804.48796719416,0.6
10,Genova,2018,9.647147,23433.625403770904,0.2
10,Genova,2019,9.994516,23328.93742771992,0.2
10,Genova,2020,8.308067,22967.7196086524,0.6
10,Genova,2021,7.54255,24169.31684754128,0.1
10,Genova,2022,6.755791,25051.038163415014,0.7
10,Genova,2023,5.839153,26113.26811844424,0.9
10,Genova,2024,5.327334,26113.26811844424,0.9
11,La Spezia,2007,7.302563,18825.983465852874,0.5
11,La Spezia,2008,3.95489,19243.013948248423,0.5
11,La Spezia,2009,6.918078,19526.46063546252,0.9
11,La Spezia,2010,6.337083,19680.336000096315,1.4
11,La Spezia,2011,5.135205,20039.065652100187,0.5
11,La Spezia,2012,10.422437,20026.283701687666,0.5
11,La Spezia,2013,9.315083,20622.18261056908,0.9
11,La Spezia,2014,12.41703,20866.141035123597,0.5
11,La Spezia,2015,10.64719,21265.74276008228,1.8
11,La Spezia,2016,10.16147,21361.34814274856,1.8
11,La Spezia,2017,9.458581,21099.50132676856,0.9
11,La Spezia,2018,10.018441,21948.784569435684,0.9
11,La Spezia,2019,9.003833,21969.92363389244,1.4
11,La Spezia,2020,10.004689,21589.72947693765,1.4
11,La Spezia,2021,9.781677,22658.932308283205,0.5
11,La Spezia,2022,8.012426,23903.46155684513,0.9
11,La Spezia,2023,5.029515,25205.670163982093,0.9
11,La Spezia,2024,5.162426,25205.670163982093,0.9
12,Varese,2007,2.883823,21072.58011040011,0.6
12,Varese,2008,3.508011,21364.07194032373,0.7
12,Varese,2009,6.226916,21188.17944271014,1.6
12,Varese,2010,5.088917,21463.624381137502,0.2
12,Varese,2011,7.644717,21746.43082944573,0.3
12,Varese,2012,8.20153,21650.892268393614,0.2
12,Varese,2013,8.456137,22186.05001316561,0.6
12,Varese,2014,8.31085,22436.57090257302,0.6
12,Varese,2015,8.968858,22931.614939459552,0.7
12,Varese,2016,8.168104,23039.315576795423,0.3
12,Varese,2017,6.509187,22901.76431624853,0.6
12,Varese,2018,5.926637,23606.98450565941,0.1
12,Varese,2019,5.389689,23549.964938009536,0.1
12,Varese,2020,5.270897,23039.61472876257,0.5
12,Varese,2021,6.556079,24105.405770605965,0.5
12,Varese,2022,4.674199,25219.39653075604,1.0
12,Varese,2023,3.580716,26253.7845559258,0.2
12,Varese,2024,3.612925,26253.7845559258,0.2
13,Como,2007,3.813492,20971.156951457106,0.5
13,Como,2008,4.227971,21172.066285354613,0.7
13,Como,2009,5.541347,20993.73772699283,0.9
13,Como,2010,5.000956,21218.030736526674,0.7
13,Como,2011,5.264633,21606.905199117668,0.7
13,Como,2012,5.948821,21271.383518352497,0.7
13,Como,2013,8.574009,21845.288967257544,0.2
13,Como,2014,8.984794,21988.520615813453,0.8
13,Como,2015,7.834485,22567.728505631312,0.3
13,Como,2016,7.449499,22513.98716352164,0.3
13,Como,2017,8.443386,22505.05393243065,1.5
13,Como,2018,7.305166,23429.408073598297,0.5
13,Como,2019,6.445767,23056.19923127398,0.7
13,Como,2020,5.593694,22353.58289843153,0.3
13,Como,2021,7.500572,23595.315407027523,0.3
13,Como,2022,6.407307,24808.419257431666,0.3
13,Como,2023,5.455195,25890.74499446487,0.3
13,Como,2024,5.434724,25890.74499446487,0.3
14,Sondrio,2007,4.468005,17721.57323840358,0.6
14,Sondrio,2008,4.358339,18001.566919817495,0.6
14,Sondrio,2009,4.391379,18366.901915208044,0.6
14,Sondrio,2010,6.445089,18543.44427525144,0.6
14,Sondrio,2011,7.225789,18829.908961021567,0.6
14,Sondrio,2012,8.688148,18673.58183850654,1.1
14,Sondrio,2013,7.857761,19227.278872221217,1.1
14,Sondrio,2014,8.051438,19248.80472499077,0.5
14,Sondrio,2015,7.447757,19657.412374637504,0.5
14,Sondrio,2016,7.2109,19743.622288812785,1.1
14,Sondrio,2017,6.325283,19518.03513477369,1.1
14,Sondrio,2018,6.650701,20265.053401782025,1.1
14,Sondrio,2019,5.388455,20383.696886224905,1.1
14,Sondrio,2020,5.6195,20012.37426740671,1.1
14,Sondrio,2021,6.483519,20794.47104920421,1.1
14,Sondrio,2022,6.442686,22150.928457673093,1.1
14,Sondrio,2023,6.305508,23549.107308254646,1.1
14,Sondrio,2024,6.639852,23549.107308254646,1.1
15,Milano,2007,2.469593,24849.862175370992,1.2
15,Milano,2008,2.966384,25958.252669491067,1.0
15,Milano,2009,3.665236,25747.556050982646,1.2
15,Milano,2010,3.726677,26089.036819075456,0.8
15,Milano,2011,4.067606,26648.6386557103,0.8
15,Milano,2012,6.88653,26403.40803254064,0.9
15,Milano,2013,7.420745,26808.550131775,0.7
15,Milano,2014,7.412296,27289.742147051675,0.9
15,Milano,2015,5.810649,27835.161508659363,0.8
15,Milano,2016,5.301811,27972.55597589657,0.5
15,Milano,2017,4.227816,28158.758819013357,0.6
15,Milano,2018,4.857052,29139.72587640157,0.4
15,Milano,2019,3.547897,29147.14444430051,0.6
15,Milano,2020,3.069063,28624.12592598842,0.3
15,Milano,2021,3.545,30038.27860829184,0.6
15,Milano,2022,3.385749,31479.601526304137,0.6
15,Milano,2023,2.91857,32636.37656313169,0.5
15,Milano,2024,1.557043,32636.37656313169,0.5
16,Bergamo,2007,3.750352,20540.688009854308,0.7
16,Bergamo,2008,3.828364,20830.229737163023,0.8
16,Bergamo,2009,5.632182,20537.46727187541,0.2
16,Bergamo,2010,5.824694,20736.74503490877,0.7
16,Bergamo,2011,5.899435,21249.16433244437,0.5
16,Bergamo,2012,7.709342,21158.273918504463,0.3
16,Bergamo,2013,7.681895,21636.77374913896,0.8
16,Bergamo,2014,8.385782,21879.536366467026,0.3
16,Bergamo,2015,8.027881,22349.38875432526,0.9
16,Bergamo,2016,7.505643,22591.14672044262,0.3
16,Bergamo,2017,6.539987,22509.937975825276,0.5
16,Bergamo,2018,6.448422,23324.54933531043,0.4
16,Bergamo,2019,5.89446,23317.605105833736,0.7
16,Bergamo,2020,5.940765,22729.36671040956,0.5
16,Bergamo,2021,6.46713,24106.168082369677,0.3
16,Bergamo,2022,5.444789,25183.52273638624,0.5
16,Bergamo,2023,4.689601,26270.936097524213,0.5
16,Bergamo,2024,4.642107,26270.936097524213,0.5
17,Brescia,2007,3.160132,19490.799581732612,0.8
17,Brescia,2008,3.151746,19747.12312853468,0.7
17,Brescia,2009,5.187619,19362.454937231723,0.4
17,Brescia,2010,5.665329,19582.328412819003,0.5
17,Brescia,2011,5.780068,20099.99678195809,1.1
17,Brescia,2012,6.748578,20113.507355247548,0.9
17,Brescia,2013,8.341553,20573.73849178148,0.6
17,Brescia,2014,9.143359,20910.415794420005,0.3
17,Brescia,2015,8.695039,21401.509717560715,0.8
17,Brescia,2016,8.56217,21667.894946806988,0.2
17,Brescia,2017,6.169304,21553.14247500073,0.3
17,Brescia,2018,5.158404,22520.03499769488,0.6
17,Brescia,2019,4.749221,22544.22085519624,0.2
17,Brescia,2020,4.361286,22006.87873343093,0.8
17,Brescia,2021,4.890807,23362.570499079186,0.3
17,Brescia,2022,4.049942,24556.007826446184,0.1
17,Brescia,2023,3.437984,25609.01127607473,0.5
17,Brescia,2024,2.840759,25609.01127607473,0.5
18,Pavia,2007,3.718814,19882.470810008,1.3
18,Pavia,2008,4.831307,20243.49059111232,0.6
18,Pavia,2009,5.49595,20257.19824056944,0.7
18,Pavia,2010,5.793042,20465.77689592396,0.7
18,Pavia,2011,4.845298,20919.287490913764,0.6
18,Pavia,2012,7.925192,20883.39514657464,1.3
18,Pavia,2013,7.557952,21331.38963553817,0.7
18,Pavia,2014,6.936416,21591.107688847216,1.5
18,Pavia,2015,7.562842,22042.98069386566,1.1
18,Pavia,2016,6.852886,22174.038270489666,0.4
18,Pavia,2017,6.802568,21914.856279484826,0.7
18,Pavia,2018,6.493802,22710.849150330712,0.7
18,Pavia,2019,6.680846,22686.093549537152,0.4
18,Pavia,2020,5.603454,22440.665979267367,0.2
18,Pavia,2021,6.953079,23479.309052873727,0.9
18,Pavia,2022,5.94689,24448.54478413474,0.4
18,Pavia,2023,4.66186,25586.392408319247,1.3
18,Pavia,2024,3.547261,25586.392408319247,1.3
19,Cremona,2007,4.082998,19587.86610902298,0.3
19,Cremona,2008,3.343383,19956.946455941576,0.6
19,Cremona,2009,5.459464,19981.199275595194,0.3
19,Cremona,2010,5.592621,20155.34066004704,0.6
19,Cremona,2011,6.067799,20579.53013011117,0.8
19,Cremona,2012,8.928607,20684.395662999992,0.3
19,Cremona,2013,9.219756,21256.51838719715,0.3
19,Cremona,2014,8.867128,21580.65063044537,0.3
19,Cremona,2015,7.971343,21956.64613532628,0.6
19,Cremona,2016,7.420485,22165.856750531537,0.6
19,Cremona,2017,6.99534,21948.154188686443,0.6
19,Cremona,2018,6.505941,22812.471686287023,0.8
19,Cremona,2019,7.19276,22798.46441004117,0.3
19,Cremona,2020,6.160354,22534.85904750305,0.6
19,Cremona,2021,5.277303,23655.490215238147,0.3
19,Cremona,2022,5.092343,24696.825515187436,0.6
19,Cremona,2023,4.022686,25783.766929518828,0.6
19,Cremona,2024,2.519182,25783.766929518828,0.6
20,Mantova,2007,3.00549,18916.482200519808,0.8
20,Mantova,2008,4.059007,19109.86045712603,0.5
20,Mantova,2009,5.445766,19025.235407289096,1.2
20,Mantova,2010,6.424045,19239.531160168845,1.2
20,Mantova,2011,5.068842,19569.11570948493,0.2
20,Mantova,2012,6.70987,19624.725620568846,0.7
20,Mantova,2013,8.469466,20229.882705312717,1.0
20,Mantova,2014,7.648818,20439.26183084907,0.5
20,Mantova,2015,6.906037,20853.66980104449,0.2
20,Mantova,2016,7.428582,21162.622651486134,0.2
20,Mantova,2017,6.250726,20783.79240508868,0.2
20,Mantova,2018,5.098196,21670.19638064132,1.2
20,Mantova,2019,5.001202,21811.073442035595,1.2
20,Mantova,2020,5.683406,21592.72688711045,0.5
20,Mantova,2021,4.975372,22586.20159955417,1.2
20,Mantova,2022,5.402108,23649.10623318136,0.2
20,Mantova,2023,2.616662,24732.89133500851,0.2
20,Mantova,2024,1.957585,24732.89133500851,0.2
21,Bolzano/Bozen,2007,2.56658,19330.2401009674,0.4
21,Bolzano/Bozen,2008,2.340679,19834.39438828774,0.2
21,Bolzano/Bozen,2009,2.854863,20420.86905699441,0.2
21,Bolzano/Bozen,2010,2.693751,20690.03076604857,0.6
21,Bolzano/Bozen,2011,3.308075,21051.98986397405,0.2
21,Bolzano/Bozen,2012,4.105095,21282.252391661183,0.4
21,Bolzano/Bozen,2013,4.36302,21959.02610274193,0.4
21,Bolzano/Bozen,2014,4.428431,22013.41187945038,0.4
21,Bolzano/Bozen,2015,3.816197,22566.927537264342,0.4
21,Bolzano/Bozen,2016,3.714881,23112.986380895967,0.6
21,Bolzano/Bozen,2017,3.065753,23527.501564992675,0.2
21,Bolzano/Bozen,2018,2.893176,24328.98659211974,0.8
21,Bolzano/Bozen,2019,2.900969,24528.31901559261,0.2
21,Bolzano/Bozen,2020,3.717622,24220.70963840795,0.6
21,Bolzano/Bozen,2021,3.836589,25127.969013074995,0.6
21,Bolzano/Bozen,2022,2.283141,26690.787684513456,0.2
21,Bolzano/Bozen,2023,1.968165,28160.350545119425,0.4
21,Bolzano/Bozen,2024,1.954774,28160.350545119425,0.4
22,Trento,2007,2.932091,18921.837470861898,0.4
22,Trento,2008,3.26052,19320.22472395878,0.2
22,Trento,2009,3.514563,19583.20192361638,1.0
22,Trento,2010,4.248703,19746.3160749638,0.2
22,Trento,2011,4.411524,20078.5174086896,0.4
22,Trento,2012,6.098437,19991.83712065573,0.4
22,Trento,2013,6.467209,20518.2104959436,0.7
22,Trento,2014,6.938186,20519.896848359345,0.2
22,Trento,2015,6.806723,20788.76631006749,0.6
22,Trento,2016,6.839105,21081.52286067272,0.6
22,Trento,2017,5.7057,21410.64823241499,0.7
22,Trento,2018,4.760442,21949.404194504565,0.4
22,Trento,2019,5.040639,22141.223446697644,0.6
22,Trento,2020,5.446849,21962.91579004408,0.2
22,Trento,2021,4.80729,22879.17913955128,0.2
22,Trento,2022,3.789234,24326.7388963353,0.6
22,Trento,2023,3.760565,25682.494356323085,0.6
22,Trento,2024,2.731746,25682.494356323085,0.6
23,Verona,2007,3.343638,19026.04936320203,0.9
23,Verona,2008,3.61851,19316.138799915538,1.2
23,Verona,2009,4.530005,19228.578056386243,0.7
23,Verona,2010,4.521628,19447.91778173809,0.1
23,Verona,2011,4.438347,19860.08263606225,0.6
23,Verona,2012,4.343589,19877.453939592084,0.3
23,Verona,2013,5.835548,20372.645166055627,0.2
23,Verona,2014,4.900653,20707.754858140062,0.3
23,Verona,2015,6.172813,21205.34610187188,0.4
23,Verona,2016,5.346798,21591.304931305745,0.8
23,Verona,2017,6.045004,21371.90340021224,0.4
23,Verona,2018,7.041131,22158.061158654447,0.1
23,Verona,2019,4.622604,22310.47643742792,0.3
23,Verona,2020,4.716659,21943.450562092938,0.4
23,Verona,2021,4.669627,23022.71426611405,0.4
23,Verona,2022,3.097406,24115.577528336256,0.1
23,Verona,2023,3.033374,25148.163461578424,0.4
23,Verona,2024,2.49293,25148.163461578424,0.4
24,Vicenza,2007,3.458467,19384.151416340083,0.5
24,Vicenza,2008,3.65177,19555.23343180888,0.6
24,Vicenza,2009,5.056206,19324.71320948769,0.5
24,Vicenza,2010,5.671883,19670.326830169583,0.1
24,Vicenza,2011,4.553042,20224.87749151977,0.3
24,Vicenza,2012,6.690464,20170.587691556888,0.3
24,Vicenza,2013,7.322831,20868.697291760865,0.2
24,Vicenza,2014,6.653505,21209.023964633576,0.2
24,Vicenza,2015,4.791367,21707.72861041812,0.1
24,Vicenza,2016,6.166788,22060.43762843209,0.2
24,Vicenza,2017,6.241963,21864.319420556905,0.2
24,Vicenza,2018,5.258736,22705.66617919254,0.5
24,Vicenza,2019,4.664134,22829.33536720291,0.6
24,Vicenza,2020,6.88666,22492.15111356873,0.1
24,Vicenza,2021,4.627892,23639.943748686863,0.7
24,Vicenza,2022,3.439572,24812.688867100154,0.6
24,Vicenza,2023,3.585813,25678.93743667065,0.1
24,Vicenza,2024,2.867977,25678.93743667065,0.1
25,Belluno,2007,2.189743,17898.445947213528,0.5
25,Belluno,2008,2.453911,18066.59520730361,0.5
25,Belluno,2009,4.301052,18256.234326621925,0.5
25,Belluno,2010,4.525241,18532.067832912544,0.5
25,Belluno,2011,4.553567,19109.410075591084,0.5
25,Belluno,2012,6.062022,19458.338502501505,0.5
25,Belluno,2013,7.045273,19919.674682546523,0.5
25,Belluno,2014,7.483201,20048.42795510696,0.5
25,Belluno,2015,5.96256,20653.56657615465,0.5
25,Belluno,2016,6.204131,20884.12976387352,0.5
25,Belluno,2017,5.082319,20949.226081680164,0.5
25,Belluno,2018,4.353686,21617.566507837688,0.5
25,Belluno,2019,3.93228,21751.897065523903,0.5
25,Belluno,2020,3.756539,21476.408519748067,1.0
25,Belluno,2021,4.238884,22349.716899282128,1.0
25,Belluno,2022,2.813778,23629.272960739818,0.5
25,Belluno,2023,3.008736,24983.99640477504,0.5
25,Belluno,2024,2.816672,24983.99640477504,0.5
26,Treviso,2007,4.0359,19437.195889329538,0.2
26,Treviso,2008,3.221568,19690.095029260163,0.1
26,Treviso,2009,4.746875,19567.08781602422,0.8
26,Treviso,2010,6.223547,19828.20076114256,0.5
26,Treviso,2011,5.03625,20250.11157851714,0.1
26,Treviso,2012,5.913291,20138.436985379947,0.2
26,Treviso,2013,7.333535,20670.246274553447,0.3
26,Treviso,2014,8.344976,20985.15661062129,0.3
26,Treviso,2015,7.726578,21459.91983677012,0.2
26,Treviso,2016,6.994839,21843.484762273078,0.2
26,Treviso,2017,5.600665,21804.275995545067,0.5
26,Treviso,2018,8.010387,22565.400179297874,0.3
26,Treviso,2019,7.016796,22648.19860252538,0.3
26,Treviso,2020,5.460868,22283.563876679116,0.1
26,Treviso,2021,4.902742,23472.84817868924,0.3
26,Treviso,2022,5.116396,24659.886809153973,0.6
26,Treviso,2023,5.661729,25569.693974492067,0.8
26,Treviso,2024,2.351182,25569.693974492067,0.8
27,Venezia,2007,2.986304,19420.184624324444,1.0
27,Venezia,2008,3.540281,19656.960044992094,0.2
27,Venezia,2009,5.455821,19610.82484226028,0.5
27,Venezia,2010,6.450038,19754.810499589254,0.7
27,Venezia,2011,5.323779,20141.84898239689,1.3
27,Venezia,2012,8.572124,20132.44379255039,0.4
27,Venezia,2013,8.878577,20710.65066804096,0.5
27,Venezia,2014,9.445646,20916.076079509825,0.5
27,Venezia,2015,7.149322,21345.903723062504,0.4
27,Venezia,2016,6.95739,21606.685622641267,0.4
27,Venezia,2017,4.787755,21448.626214746964,0.6
27,Venezia,2018,6.403598,22187.843031747856,0.4
27,Venezia,2019,6.119272,22260.257504579266,0.2
27,Venezia,2020,6.197661,21347.12729434353,0.4
27,Venezia,2021,6.025632,22401.51918333336,0.1
27,Venezia,2022,4.240703,23834.47614432682,0.6
27,Venezia,2023,4.435221,24952.356594959427,0.4
27,Venezia,2024,3.890069,24952.356594959427,0.4
28,Padova,2007,3.132018,20337.15268170396,0.4
28,Padova,2008,3.43484,20522.278786950897,0.9
28,Padova,2009,4.311922,20407.880385207103,0.4
28,Padova,2010,5.78858,20684.65837229873,0.4
28,Padova,2011,5.145235,21099.21160669528,0.8
28,Padova,2012,6.173733,20920.40918804865,0.3
28,Padova,2013,8.559845,21496.00912492237,0.1
28,Padova,2014,7.827916,21837.961220032317,0.3
28,Padova,2015,9.371912,22315.268524881118,0.5
28,Padova,2016,8.013834,22636.120030150283,0.5
28,Padova,2017,8.533313,22454.774227512426,0.5
28,Padova,2018,5.839955,23359.93716183017,0.1
28,Padova,2019,5.664791,23379.353715700523,0.4
28,Padova,2020,6.55647,22982.880166452174,0.3
28,Padova,2021,5.558183,24118.850071324407,0.2
28,Padova,2022,4.475551,25495.32691415015,0.2
28,Padova,2023,3.836332,26427.66951259446,0.6
28,Padova,2024,2.576462,26427.66951259446,0.6
29,Rovigo,2007,3.842227,16494.116978410497,0.4
29,Rovigo,2008,3.43339,16771.737011472567,0.4
29,Rovigo,2009,3.264922,16785.75648208058,0.4
29,Rovigo,2010,5.95368,16912.717869081145,0.4
29,Rovigo,2011,5.46434,17256.19040687673,0.4
29,Rovigo,2012,9.176402,17226.921674540627,1.6
29,Rovigo,2013,8.463711,17714.690321533843,1.6
29,Rovigo,2014,9.308496,18110.80344003195,1.2
29,Rovigo,2015,8.490846,18547.650629916472,0.4
29,Rovigo,2016,8.655907,18717.0493420688,2.9
29,Rovigo,2017,8.313761,18496.009638900083,0.8
29,Rovigo,2018,6.849937,19355.499034156008,0.8
29,Rovigo,2019,8.164925,19608.2944023534,0.4
29,Rovigo,2020,7.641216,19517.547425717574,0.9
29,Rovigo,2021,9.091985,20446.97623694822,1.3
29,Rovigo,2022,8.358448,21552.80523616764,1.8
29,Rovigo,2023,7.944961,22570.384853296742,1.8
29,Rovigo,2024,6.435704,22570.384853296742,1.8
30,Udine,2007,3.371163,18749.31792977285,1.1
30,Udine,2008,3.934013,19042.41592520481,0.2
30,Udine,2009,5.56956,19145.7715968602,0.4
30,Udine,2010,5.82406,19369.75196329261,0.4
30,Udine,2011,4.831179,19766.472738725424,0.6
30,Udine,2012,7.041454,19741.576759836626,1.3
30,Udine,2013,7.867465,20358.312950872623,0.9
30,Udine,2014,8.282496,20595.33357222744,0.9
30,Udine,2015,8.534755,20953.32492392216,0.4
30,Udine,2016,6.929247,21257.762929337725,0.2
30,Udine,2017,6.917793,21123.44419060936,0.2
30,Udine,2018,7.056549,21971.894281418296,0.6
30,Udine,2019,6.847619,21985.36408149289,0.2
30,Udine,2020,6.93118,21758.099971832657,0.4
30,Udine,2021,6.692237,22774.27575789554,0.4
30,Udine,2022,6.18894,23906.052589860363,0.4
30,Udine,2023,5.380428,25010.03769532661,0.4
30,Udine,2024,4.73426,25010.03769532661,0.4
31,Gorizia,2007,3.556254,18565.64734092736,1.4
31,Gorizia,2008,5.86406,18861.723739883077,1.4
31,Gorizia,2009,5.79433,19021.0933399444,1.4
31,Gorizia,2010,5.543542,19089.7740014357,0.7
31,Gorizia,2011,6.577839,19337.754777411967,0.7
31,Gorizia,2012,7.060583,19299.161392319784,1.4
31,Gorizia,2013,7.946045,19898.131593498736,0.7
31,Gorizia,2014,8.665047,20178.533005307385,0.7
31,Gorizia,2015,8.658539,20453.523503563385,0.7
31,Gorizia,2016,9.276087,20624.29611583289,0.7
31,Gorizia,2017,9.42748,20414.36893477924,0.7
31,Gorizia,2018,8.538404,21095.506151046407,0.7
31,Gorizia,2019,7.606024,21246.138264808556,0.7
31,Gorizia,2020,8.494872,20952.620995127712,0.7
31,Gorizia,2021,7.669675,21717.7255451513,0.7
31,Gorizia,2022,5.81487,22631.235406149197,0.7
31,Gorizia,2023,6.267773,23638.60137112581,1.4
31,Gorizia,2024,5.861524,23638.60137112581,1.4
32,Trieste,2007,4.227597,20188.9773576599,0.4
32,Trieste,2008,4.472601,20712.839932859908,0.4
32,Trieste,2009,4.542204,21125.561811231008,0.9
32,Trieste,2010,4.507678,21314.58093541249,0.9
32,Trieste,2011,4.438947,21674.615180535093,0.9
32,Trieste,2012,5.675376,21701.61204484807,0.9
32,Trieste,2013,6.796952,22359.827562860028,0.9
32,Trieste,2014,6.551005,22662.19613660301,0.4
32,Trieste,2015,8.138338,23072.68689006271,0.4
32,Trieste,2016,8.132997,23198.812202531364,1.3
32,Trieste,2017,6.030853,23140.94692007054,0.4
32,Trieste,2018,7.34373,23754.632755109364,1.7
32,Trieste,2019,5.763637,23908.999201458304,1.3
32,Trieste,2020,4.452293,23740.84160455135,1.3
32,Trieste,2021,5.648463,24452.953977247675,0.9
32,Trieste,2022,6.132721,25482.89311154792,0.4
32,Trieste,2023,3.340461,26649.439437246107,0.4
32,Trieste,2024,5.853541,26649.439437246107,0.4
33,Piacenza,2007,2.250282,19847.846787092345,0.4
33,Piacenza,2008,1.873388,20253.952287200096,0.4
33,Piacenza,2009,2.090417,20160.057209560564,0.7
33,Piacenza,2010,2.8395,20399.34279744346,0.7
33,Piacenza,2011,4.749528,20888.2383094919,0.7
33,Piacenza,2012,7.141054,20890.967920773965,1.0
33,Piacenza,2013,8.104829,21434.96469631813,1.7
33,Piacenza,2014,9.350978,21843.930907632843,1.0
33,Piacenza,2015,8.785386,22308.67370952423,0.7
33,Piacenza,2016,7.533394,22526.87517407444,1.0
33,Piacenza,2017,6.146995,22241.00780165716,0.3
33,Piacenza,2018,5.586955,23138.09985108479,0.3
33,Piacenza,2019,5.72104,23238.1614866254,0.7
33,Piacenza,2020,5.857756,22870.55942586279,0.4
33,Piacenza,2021,6.065037,24114.399510095693,0.4
33,Piacenza,2022,6.486568,25157.80210595024,0.4
33,Piacenza,2023,6.383688,26305.74823537837,0.4
33,Piacenza,2024,5.263607,26305.74823537837,0.4
34,Parma,2007,2.333054,21353.97175534649,0.5
34,Parma,2008,2.292245,21747.69830584172,0.7
34,Parma,2009,3.738351,21882.86720731824,0.5
34,Parma,2010,3.915703,22128.0911700293,0.9
34,Parma,2011,3.711803,22655.730105426403,1.2
34,Parma,2012,6.278976,22633.25172843975,0.5
34,Parma,2013,7.346069,23067.53753404988,1.4
34,Parma,2014,7.117696,23526.815968477436,0.5
34,Parma,2015,6.936622,24098.800858857616,0.2
34,Parma,2016,6.532551,24256.176690785836,1.1
34,Parma,2017,5.207089,24203.756082857577,0.4
34,Parma,2018,4.782674,25045.17712433365,0.4
34,Parma,2019,4.872965,25042.43510255021,0.4
34,Parma,2020,5.797826,24717.66599576177,0.4
34,Parma,2021,5.751652,25912.002613720277,0.2
34,Parma,2022,5.333845,27033.42314647901,0.2
34,Parma,2023,3.984465,28072.419786470364,0.7
34,Parma,2024,4.477944,28072.419786470364,0.7
35,Reggio nell'Emilia,2007,1.980872,20587.92907858307,0.6
35,Reggio nell'Emilia,2008,2.337741,20785.54103994908,0.6
35,Reggio nell'Emilia,2009,4.890069,20379.413351070576,1.0
35,Reggio nell'Emilia,2010,5.407789,20694.660125142207,0.4
35,Reggio nell'Emilia,2011,4.876501,21137.049441164312,0.6
35,Reggio nell'Emilia,2012,4.701902,21181.423119536164,0.9
35,Reggio nell'Emilia,2013,5.853781,21689.914465546663,0.4
35,Reggio nell'Emilia,2014,6.622669,22187.47617631892,0.6
35,Reggio nell'Emilia,2015,5.382039,22718.98977482495,0.4
35,Reggio nell'Emilia,2016,4.721475,23113.295588698667,0.6
35,Reggio nell'Emilia,2017,4.884719,22963.249213587955,0.6
35,Reggio nell'Emilia,2018,4.213558,23794.467565171584,0.6
35,Reggio nell'Emilia,2019,4.025543,24207.00912420419,0.6
35,Reggio nell'Emilia,2020,4.800964,23579.80486975955,0.6
35,Reggio nell'Emilia,2021,5.146247,24740.79937786451,0.9
35,Reggio nell'Emilia,2022,4.221411,25860.91021105987,0.2
35,Reggio nell'Emilia,2023,4.95553,26837.868809532654,0.4
35,Reggio nell'Emilia,2024,3.515336,26837.868809532654,0.4
36,Modena,2007,3.494226,20657.644102220147,0.6
36,Modena,2008,3.303038,20985.66826233998,0.9
36,Modena,2009,5.033178,20569.41235251053,0.6
36,Modena,2010,6.755532,20829.19067778051,0.9
36,Modena,2011,5.074842,21118.458806568444,1.0
36,Modena,2012,5.924293,21224.49341518603,0.9
36,Modena,2013,7.459808,21968.35723570776,0.3
36,Modena,2014,7.899114,22446.47863715571,0.7
36,Modena,2015,7.438693,23035.143867988645,0.3
36,Modena,2016,6.634266,23335.43367987632,0.6
36,Modena,2017,7.064606,23250.477230965123,0.6
36,Modena,2018,6.041625,24105.862499101982,1.0
36,Modena,2019,6.49569,24269.453342850524,0.7
36,Modena,2020,6.055992,23896.83338797617,0.3
36,Modena,2021,4.392774,25050.247774819607,1.1
36,Modena,2022,5.085713,26159.52693466354,0.6
36,Modena,2023,5.325423,27274.07645659842,0.7
36,Modena,2024,4.226364,27274.07645659842,0.7
37,Bologna,2007,2.440063,22596.63756636028,0.7
37,Bologna,2008,2.171359,22907.14079548408,0.8
37,Bologna,2009,3.40241,22763.484634528217,1.3
37,Bologna,2010,4.90642,22982.18212116473,0.6
37,Bologna,2011,4.657382,23432.9010656265,0.9
37,Bologna,2012,6.836801,23322.00297998257,0.6
37,Bologna,2013,8.164002,23855.65039152404,0.5
37,Bologna,2014,7.030349,24334.91714207488,0.2
37,Bologna,2015,7.244424,24793.21256173237,0.2
37,Bologna,2016,5.421695,25082.70362145229,0.7
37,Bologna,2017,5.125241,25011.445146493465,0.4
37,Bologna,2018,5.640716,25826.606881064035,0.4
37,Bologna,2019,4.445054,25729.53409876691,0.6
37,Bologna,2020,4.629653,25381.873618876805,0.3
37,Bologna,2021,4.574329,26527.06767466668,0.7
37,Bologna,2022,3.629433,27680.723119770864,0.4
37,Bologna,2023,3.808957,28793.654053825827,0.6
37,Bologna,2024,4.514449,28793.654053825827,0.6
38,Ferrara,2007,2.553563,18101.44904184942,0.6
38,Ferrara,2008,4.783925,18372.068405184364,0.8
38,Ferrara,2009,6.396859,18295.561330343848,0.8
38,Ferrara,2010,7.277346,18603.667537242607,0.8
38,Ferrara,2011,6.084583,18979.79753983805,1.1
38,Ferrara,2012,10.633437,18919.66564209837,2.0
38,Ferrara,2013,14.409267,19557.01166532293,0.3
38,Ferrara,2014,13.341509,19853.273884148133,0.3
38,Ferrara,2015,12.276046,20298.65931384189,1.1
38,Ferrara,2016,10.621138,20489.0506743265,0.6
38,Ferrara,2017,9.462884,20464.86521065157,1.2
38,Ferrara,2018,9.063688,21033.62200520405,1.2
38,Ferrara,2019,8.665243,21177.592655429475,0.6
38,Ferrara,2020,6.945765,21006.402788196585,0.6
38,Ferrara,2021,7.298699,21931.8471623976,1.2
38,Ferrara,2022,8.101212,22845.857221581347,0.6
38,Ferrara,2023,5.616715,23952.7368982272,0.6
38,Ferrara,2024,4.93951,23952.7368982272,0.6
39,Ravenna,2007,2.899228,18477.40483180428,0.5
39,Ravenna,2008,3.380893,18919.99285484804,0.5
39,Ravenna,2009,5.184637,18944.16560396855,0.8
39,Ravenna,2010,5.903758,19177.940986014863,0.3
39,Ravenna,2011,4.672012,19574.56130302142,0.3
39,Ravenna,2012,6.894347,19546.240511780936,0.8
39,Ravenna,2013,9.829513,20090.372884409997,1.0
39,Ravenna,2014,9.174526,20547.101976012647,0.5
39,Ravenna,2015,8.857982,20984.391821294656,1.5
39,Ravenna,2016,9.027906,21124.149673605854,0.5
39,Ravenna,2017,7.212417,20805.16368319087,0.5
39,Ravenna,2018,5.847084,21680.100996699453,0.3
39,Ravenna,2019,4.603783,21830.61380995729,1.0
39,Ravenna,2020,6.892827,21768.87335910405,1.0
39,Ravenna,2021,6.203635,22689.75112809878,0.3
39,Ravenna,2022,5.402847,23664.21653208532,0.8
39,Ravenna,2023,4.618136,24761.24925754985,0.5
39,Ravenna,2024,4.093859,24761.24925754985,0.5
40,Forli-Cesena,2007,3.827822,18003.163806857032,0.5
40,Forli-Cesena,2008,5.134543,18371.403143983247,0.5
40,Forli-Cesena,2009,6.110078,18417.090879488373,0.3
40,Forli-Cesena,2010,5.96596,18645.40420458765,0.5
40,Forli-Cesena,2011,7.158926,19046.310610420223,1.0
40,Forli-Cesena,2012,7.770356,18908.239348403647,0.8
40,Forli-Cesena,2013,5.941809,19430.19589501108,0.8
40,Forli-Cesena,2014,7.660054,19742.75278059823,0.8
40,Forli-Cesena,2015,6.196357,20160.666206652862,0.8
40,Forli-Cesena,2016,7.465185,20468.195258584885,0.8
40,Forli-Cesena,2017,6.993007,20285.441916588414,0.8
40,Forli-Cesena,2018,4.832217,21161.930515344528,0.5
40,Forli-Cesena,2019,5.496877,21247.636979134408,0.5
40,Forli-Cesena,2020,5.321595,21069.12282825359,0.5
40,Forli-Cesena,2021,5.487115,22098.24909890826,0.3
40,Forli-Cesena,2022,4.010495,23150.82677190701,0.3
40,Forli-Cesena,2023,5.150994,24190.259055010243,0.3
40,Forli-Cesena,2024,3.394649,24190.259055010243,0.3
41,Pesaro e Urbino,2007,3.219834,16978.846102131905,0.8
41,Pesaro e Urbino,2008,4.792058,17474.523324582515,0.5
41,Pesaro e Urbino,2009,5.890825,17406.885875523312,0.3
41,Pesaro e Urbino,2010,4.488243,17688.253890072996,0.3
41,Pesaro e Urbino,2011,5.65619,18054.133869055757,0.5
41,Pesaro e Urbino,2012,8.06212,17920.235895835885,0.3
41,Pesaro e Urbino,2013,9.962524,18300.40960568736,0.6
41,Pesaro e Urbino,2014,9.513061,18618.587008082355,0.3
41,Pesaro e Urbino,2015,11.551585,19081.10425993552,0.3
41,Pesaro e Urbino,2016,12.487701,19459.338768793765,0.3
41,Pesaro e Urbino,2017,8.929825,19171.01635468277,0.3
41,Pesaro e Urbino,2018,7.959643,20096.290062104825,0.8
41,Pesaro e Urbino,2019,6.782639,20215.73405364208,0.6
41,Pesaro e Urbino,2020,7.728701,20182.63179249934,0.3
41,Pesaro e Urbino,2021,5.531794,21142.24747018397,0.3
41,Pesaro e Urbino,2022,4.928683,22063.63961064244,0.3
41,Pesaro e Urbino,2023,5.242894,23234.52357017856,0.9
41,Pesaro e Urbino,2024,3.662085,23234.52357017856,0.9
42,Ancona,2007,3.485765,18709.211653146544,0.4
42,Ancona,2008,3.77476,18997.324619461902,0.2
42,Ancona,2009,5.792234,18950.94504002347,0.6
42,Ancona,2010,4.929955,19165.57386983905,1.1
42,Ancona,2011,6.81323,19537.89222289576,0.8
42,Ancona,2012,9.163891,19355.8557252964,0.8
42,Ancona,2013,11.246246,19742.22851336984,0.8
42,Ancona,2014,10.424978,20148.74361662796,1.7
42,Ancona,2015,9.380256,20468.2573998772,0.6
42,Ancona,2016,9.462458,20705.6634288715,0.6
42,Ancona,2017,12.463722,20462.39813544829,0.6
42,Ancona,2018,8.795435,21278.13273892433,0.4
42,Ancona,2019,11.086006,21369.32304003384,0.4
42,Ancona,2020,8.166774,21245.422253656376,0.9
42,Ancona,2021,8.405979,22205.38425082027,0.2
42,Ancona,2022,7.760159,23208.169353974867,0.2
42,Ancona,2023,6.006834,24220.095489042906,0.9
42,Ancona,2024,6.822507,24220.095489042906,0.9
43,Macerata,2007,4.398059,16669.653196530482,0.3
43,Macerata,2008,4.281387,16993.313456756467,0.3
43,Macerata,2009,5.249109,16895.282946010317,0.3
43,Macerata,2010,5.885566,17130.545135032837,0.6
43,Macerata,2011,5.277587,17532.242538637893,0.9
43,Macerata,2012,8.0793,17461.52286744732,1.2
43,Macerata,2013,12.811907,17835.68758258527,0.3
43,Macerata,2014,9.145636,18191.889757842124,0.6
43,Macerata,2015,9.015807,18479.583161933133,0.6
43,Macerata,2016,9.264989,18648.62882950401,0.3
43,Macerata,2017,7.997732,18418.744722523545,0.3
43,Macerata,2018,7.544449,19448.7724585013,0.3
43,Macerata,2019,7.581589,19564.901112324485,0.3
43,Macerata,2020,5.621313,19242.309398260324,0.3
43,Macerata,2021,7.448852,20358.588102952544,0.3
43,Macerata,2022,6.036448,21551.31429532488,1.0
43,Macerata,2023,5.511964,22728.73544398106,1.0
43,Macerata,2024,5.867054,22728.73544398106,1.0
44,Ascoli Piceno,2007,5.505638,15957.753468085257,1.0
44,Ascoli Piceno,2008,5.906211,16515.651047292762,0.5
44,Ascoli Piceno,2009,9.518158,16552.413622163123,0.5
44,Ascoli Piceno,2010,8.839828,16708.17479176083,0.3
44,Ascoli Piceno,2011,10.886415,17103.115540684845,0.5
44,Ascoli Piceno,2012,12.169226,16981.13206053883,0.5
44,Ascoli Piceno,2013,11.341518,17324.00355041257,0.5
44,Ascoli Piceno,2014,11.908099,17607.49905499654,0.5
44,Ascoli Piceno,2015,11.169955,17846.48067793898,0.5
44,Ascoli Piceno,2016,14.809714,18082.166049585227,0.5
44,Ascoli Piceno,2017,14.494404,17683.66595356945,0.5
44,Ascoli Piceno,2018,9.440439,18748.79651158965,0.5
44,Ascoli Piceno,2019,10.387708,18897.470590169323,1.0
44,Ascoli Piceno,2020,10.779218,18780.03705942126,0.5
44,Ascoli Piceno,2021,8.47379,19724.94912442396,0.5
44,Ascoli Piceno,2022,6.703035,20784.97038078117,0.5
44,Ascoli Piceno,2023,4.250963,22202.010472797927,0.5
44,Ascoli Piceno,2024,3.714889,22202.010472797927,0.5
45,Massa-Carrara,2007,8.357509,17679.90448502716,0.5
45,Massa-Carrara,2008,10.414949,18047.87231935528,0.5
45,Massa-Carrara,2009,11.678905,18213.844344223173,0.5
45,Massa-Carrara,2010,10.004721,18404.76458367957,0.5
45,Massa-Carrara,2011,11.447784,18587.068784247647,0.5
45,Massa-Carrara,2012,12.853005,18561.84380361482,0.5
45,Massa-Carrara,2013,12.122546,19123.734542867307,1.5
45,Massa-Carrara,2014,16.369963,19442.535432159497,1.5
45,Massa-Carrara,2015,12.351596,19801.808570199675,1.5
45,Massa-Carrara,2016,16.576564,19816.544126770947,1.0
45,Massa-Carrara,2017,16.040092,19405.46686148536,0.5
45,Massa-Carrara,2018,10.365407,20347.69609796956,0.5
45,Massa-Carrara,2019,7.021299,20297.645521122697,0.5
45,Massa-Carrara,2020,7.538636,20094.74937071943,0.5
45,Massa-Carrara,2021,11.271105,21078.2542392626,0.5
45,Massa-Carrara,2022,8.957818,22091.690809604377,0.5
45,Massa-Carrara,2023,6.138957,23061.762546667047,0.5
45,Massa-Carrara,2024,6.173026,23061.762546667047,0.5
46,Lucca,2007,3.556189,18375.392543393493,0.5
46,Lucca,2008,4.705824,18695.698371507275,0.3
46,Lucca,2009,5.930955,18758.240123000545,1.8
46,Lucca,2010,7.834779,19011.19163672961,1.5
46,Lucca,2011,5.500344,19362.83344843906,0.8
46,Lucca,2012,7.962388,19352.62994880096,0.3
46,Lucca,2013,9.444275,19864.800403427347,0.3
46,Lucca,2014,17.397772,20117.107326554487,0.5
46,Lucca,2015,11.365809,20548.45603985056,1.0
46,Lucca,2016,9.776075,20682.67013803659,1.3
46,Lucca,2017,10.896676,20561.87722447232,1.3
46,Lucca,2018,9.242077,21380.040045847792,1.3
46,Lucca,2019,7.863902,21422.842253221923,1.0
46,Lucca,2020,7.631632,20978.308188891235,0.3
46,Lucca,2021,11.926845,22204.71917094405,0.3
46,Lucca,2022,6.619448,23806.681523339288,0.3
46,Lucca,2023,6.698904,24351.357239381905,0.3
46,Lucca,2024,4.548401,24351.357239381905,0.3
47,Pistoia,2007,4.622211,17519.308709564757,0.7
47,Pistoia,2008,4.279292,17702.151479022246,1.7
47,Pistoia,2009,5.235845,17817.53658235129,0.3
47,Pistoia,2010,6.375694,17957.373535853727,1.0
47,Pistoia,2011,6.30336,18322.670111939588,1.0
47,Pistoia,2012,8.541818,18215.360206053418,0.7
47,Pistoia,2013,10.409279,18650.65109628217,0.7
47,Pistoia,2014,13.276342,18996.66514205167,0.3
47,Pistoia,2015,10.317266,19289.38556555925,0.3
47,Pistoia,2016,15.958966,19545.81485390593,0.7
47,Pistoia,2017,11.711255,19153.969545458905,0.7
47,Pistoia,2018,7.897266,20071.26653067033,0.7
47,Pistoia,2019,8.4667,20105.20072145501,0.7
47,Pistoia,2020,8.580478,19722.73881588661,0.3
47,Pistoia,2021,9.776225,20693.764187085773,0.3
47,Pistoia,2022,6.606128,21833.573004903104,0.3
47,Pistoia,2023,7.065634,22867.009136966917,0.3
47,Pistoia,2024,6.451144,22867.009136966917,0.3
48,Firenze,2007,3.556933,20828.204748981447,0.5
48,Firenze,2008,4.452625,21065.22128469195,0.8
48,Firenze,2009,4.980115,21017.61337227062,0.5
48,Firenze,2010,4.714591,21231.62327282892,1.1
48,Firenze,2011,5.90333,21800.44586298028,0.3
48,Firenze,2012,6.971305,21685.077607864117,0.3
48,Firenze,2013,8.119227,22272.110639061026,0.3
48,Firenze,2014,7.748688,22525.8260734774,1.0
48,Firenze,2015,7.707411,22920.114700769096,0.4
48,Firenze,2016,8.017286,23183.180172667053,0.4
48,Firenze,2017,6.762123,23029.50425343222,0.4
48,Firenze,2018,5.815267,23916.11874284497,0.8
48,Firenze,2019,6.180653,23891.18874939662,0.2
48,Firenze,2020,6.010703,23090.219504751,0.5
48,Firenze,2021,6.183511,24234.01019804093,0.5
48,Firenze,2022,5.993603,25655.072140736123,0.6
48,Firenze,2023,4.53499,26756.604179590217,0.6
48,Firenze,2024,2.67073,26756.604179590217,0.6
49,Livorno,2007,5.307111,18942.984943794163,0.3
49,Livorno,2008,7.093333,19300.943167453395,1.5
49,Livorno,2009,7.366894,19401.494652598907,1.5
49,Livorno,2010,7.12141,19489.683932617558,0.9
49,Livorno,2011,6.467167,19759.61216577272,0.3
49,Livorno,2012,7.396253,19646.287931508843,0.3
49,Livorno,2013,5.858754,20163.901116866367,1.5
49,Livorno,2014,9.393934,20557.85059230501,0.6
49,Livorno,2015,8.93282,20851.096762938072,1.5
49,Livorno,2016,7.850217,21041.63183313763,1.2
49,Livorno,2017,6.15674,20707.605070867827,0.3
49,Livorno,2018,6.724651,21498.351062172555,0.3
49,Livorno,2019,6.206874,21524.264837941948,0.3
49,Livorno,2020,6.746758,21214.825864948896,0.3
49,Livorno,2021,7.061478,22224.94844997748,1.2
49,Livorno,2022,6.271155,23215.38992664205,0.6
49,Livorno,2023,4.392846,24311.29017715817,1.2
49,Livorno,2024,2.496722,24311.29017715817,1.2
50,Pisa,2007,4.83329,19440.914830121663,0.2
50,Pisa,2008,5.256801,19657.819598778173,1.0
50,Pisa,2009,5.064842,19747.938651650347,0.2
50,Pisa,2010,6.942843,19950.392576002545,0.5
50,Pisa,2011,6.084849,20262.574127700133,1.0
50,Pisa,2012,8.123782,20228.91071464036,0.2
50,Pisa,2013,8.543426,20837.56251566526,0.2
50,Pisa,2014,8.758843,21089.13152245845,1.0
50,Pisa,2015,8.625315,21441.41542510108,0.5
50,Pisa,2016,10.190089,21563.64877965271,0.5
50,Pisa,2017,6.813481,21383.40434584914,0.7
50,Pisa,2018,6.53104,22323.18866162416,0.2
50,Pisa,2019,5.805047,22371.039068386952,0.2
50,Pisa,2020,6.183857,21953.22158699226,0.5
50,Pisa,2021,5.453301,23037.46101259502,0.5
50,Pisa,2022,4.811606,24186.516676840394,0.5
50,Pisa,2023,4.686279,25224.082323520688,0.5
50,Pisa,2024,4.755339,25224.082323520688,0.5
51,Arezzo,2007,4.664493,17660.929865450224,0.6
51,Arezzo,2008,4.441672,17916.43522210496,1.2
51,Arezzo,2009,5.500311,18027.83116717191,0.6
51,Arezzo,2010,5.372119,18274.70397286634,0.9
51,Arezzo,2011,5.832953,18636.59778290277,0.3
51,Arezzo,2012,6.926607,18620.31500721557,0.6
51,Arezzo,2013,8.508328,19163.627849663542,0.6
51,Arezzo,2014,8.299009,19449.659457195576,1.2
51,Arezzo,2015,8.520205,19778.516827666,0.3
51,Arezzo,2016,7.276024,19984.95392993701,0.6
51,Arezzo,2017,7.057887,19762.443229634533,0.6
51,Arezzo,2018,6.176906,20698.17438283684,0.6
51,Arezzo,2019,6.084806,20806.049805386585,0.3
51,Arezzo,2020,6.486252,20382.54202316639,0.3
51,Arezzo,2021,6.754762,21527.085948013315,0.3
51,Arezzo,2022,6.621116,22741.538486398927,0.3
51,Arezzo,2023,5.946234,24038.90499978734,1.2
51,Arezzo,2024,4.68133,24038.90499978734,1.2
52,Siena,2007,4.591254,19275.81904060382,1.1
52,Siena,2008,4.896377,19634.9474665108,1.1
52,Siena,2009,5.498384,19810.09930904583,1.1
52,Siena,2010,5.85693,20073.54014114617,0.7
52,Siena,2011,6.023666,20285.090942376344,0.7
52,Siena,2012,7.304459,20063.90199578206,0.7
52,Siena,2013,8.024495,20436.71905915112,1.5
52,Siena,2014,9.311173,20788.528310741385,0.4
52,Siena,2015,10.289217,21182.200577472613,0.4
52,Siena,2016,9.2056,21386.638228882697,0.4
52,Siena,2017,9.733454,21133.746639049168,0.7
52,Siena,2018,9.321392,22038.7739555801,0.8
52,Siena,2019,7.437948,22219.030289593746,1.1
52,Siena,2020,7.60394,21758.774067779665,1.1
52,Siena,2021,7.051393,22855.179503909945,1.1
52,Siena,2022,5.171597,24088.60903671783,0.4
52,Siena,2023,5.300929,25195.78847179869,0.4
52,Siena,2024,4.179929,25195.78847179869,0.4
53,Grosseto,2007,3.453447,16941.183666180714,0.5
53,Grosseto,2008,3.9945,17322.261243164827,2.2
53,Grosseto,2009,5.065518,17464.872316005087,0.4
53,Grosseto,2010,5.049833,17592.72933136573,0.4
53,Grosseto,2011,6.506287,17878.935533036743,1.3
53,Grosseto,2012,7.732737,17676.681847528,1.3
53,Grosseto,2013,9.202551,18152.726003741547,1.8
53,Grosseto,2014,8.859743,18381.338501150767,1.8
53,Grosseto,2015,9.907772,18652.650804383447,0.9
53,Grosseto,2016,9.115376,18818.11140116006,0.9
53,Grosseto,2017,9.372632,18337.07574703395,1.4
53,Grosseto,2018,7.510164,19301.90497119153,0.5
53,Grosseto,2019,7.012791,19462.925530504777,0.9
53,Grosseto,2020,6.865472,19233.20685008831,0.9
53,Grosseto,2021,5.878329,20273.409322545587,0.5
53,Grosseto,2022,4.4731,21210.474559019003,0.5
53,Grosseto,2023,3.48862,22248.197346363733,0.5
53,Grosseto,2024,3.006444,22248.197346363733,0.5
54,Perugia,2007,4.198322,17484.07475323199,0.8
54,Perugia,2008,4.91823,17841.326916742455,0.9
54,Perugia,2009,6.352031,17959.799944977993,0.8
54,Perugia,2010,6.849301,18147.498734287983,0.5
54,Perugia,2011,7.087798,18403.728936197786,0.5
54,Perugia,2012,9.726529,18266.96173348488,1.2
54,Perugia,2013,10.298611,18603.8361667438,1.2
54,Perugia,2014,11.026569,18904.098838817587,0.5
54,Perugia,2015,10.157823,19240.998735142217,0.6
54,Perugia,2016,9.526944,19452.432878351563,0.5
54,Perugia,2017,10.143584,19183.350706853,0.5
54,Perugia,2018,9.013679,20086.46912245219,0.6
54,Perugia,2019,7.83632,20137.73364480046,0.5
54,Perugia,2020,8.502134,20046.78966929417,0.2
54,Perugia,2021,6.458438,20349.88957578561,0.5
54,Perugia,2022,7.287261,21262.93823033321,0.2
54,Perugia,2023,5.800076,22311.121975938928,0.5
54,Perugia,2024,4.71463,22311.121975938928,0.5
55,Terni,2007,5.891234,17597.688041584148,0.4
55,Terni,2008,4.289533,18028.93868979631,0.4
55,Terni,2009,7.266545,18227.537719361248,0.9
55,Terni,2010,5.864675,18268.13085596792,0.4
55,Terni,2011,4.206629,18495.024095443696,1.3
55,Terni,2012,8.689552,18394.89645949691,0.9
55,Terni,2013,10.420727,18678.364859730613,0.9
55,Terni,2014,12.176125,18966.939638190703,1.3
55,Terni,2015,11.234599,19231.31395953558,1.7
55,Terni,2016,9.710274,19420.80901645012,0.4
55,Terni,2017,11.732578,19080.96357350436,0.4
55,Terni,2018,9.806031,19996.48668644633,0.4
55,Terni,2019,10.427802,20040.498471255203,0.9
55,Terni,2020,7.639836,19943.87811906893,0.9
55,Terni,2021,7.18931,20292.313281279094,0.5
55,Terni,2022,6.695677,21041.560920368243,0.5
55,Terni,2023,6.520172,21990.85871583895,0.5
55,Terni,2024,5.145115,21990.85871583895,0.5
56,Viterbo,2007,8.784253,16369.740405893852,1.0
56,Viterbo,2008,9.732212,16683.873502630977,1.0
56,Viterbo,2009,11.360608,16940.0830125308,1.0
56,Viterbo,2010,10.617868,17073.288642061154,0.3
56,Viterbo,2011,10.486275,17301.605808046133,1.0
56,Viterbo,2012,12.425419,17115.715881444692,0.3
56,Viterbo,2013,15.418059,17594.070261490837,0.6
56,Viterbo,2014,15.624935,17709.311755785217,0.6
56,Viterbo,2015,13.672331,17883.163234852465,0.6
56,Viterbo,2016,14.916124,18043.303282906247,1.0
56,Viterbo,2017,12.976124,17509.358243019902,0.6
56,Viterbo,2018,11.842988,18443.42358324859,0.3
56,Viterbo,2019,10.014576,18434.22238462855,1.0
56,Viterbo,2020,9.208137,18340.488187219325,0.3
56,Viterbo,2021,10.851197,19155.11958443141,1.3
56,Viterbo,2022,7.425827,20163.113217194405,0.3
56,Viterbo,2023,9.719456,21241.837423118955,0.3
56,Viterbo,2024,5.81852,21241.837423118955,0.3
57,Rieti,2007,5.36291,16450.503984742812,0.7
57,Rieti,2008,6.930233,16901.697105393825,0.7
57,Rieti,2009,7.936483,17269.57502724066,0.7
57,Rieti,2010,8.025259,17457.507261899267,1.9
57,Rieti,2011,8.692362,17753.12854239793,1.9
57,Rieti,2012,9.516104,17653.841510939557,1.9
57,Rieti,2013,11.638796,17913.91618276787,0.6
57,Rieti,2014,12.308705,18232.11242970165,0.6
57,Rieti,2015,12.411677,18216.520544542636,0.6
57,Rieti,2016,12.038484,18206.09803006789,1.3
57,Rieti,2017,11.829095,17865.01871023248,0.6
57,Rieti,2018,10.787881,18817.116705628483,0.6
57,Rieti,2019,10.301305,18879.30065501359,0.7
57,Rieti,2020,6.962161,18763.290346039063,0.7
57,Rieti,2021,10.377766,19485.05404057982,0.7
57,Rieti,2022,10.115733,20450.96889221137,0.7
57,Rieti,2023,8.345718,21733.640267599378,0.7
57,Rieti,2024,7.207832,21733.640267599378,0.7
58,Roma,2007,5.822516,22315.196695474893,1.0
58,Roma,2008,6.987355,23047.418410972077,1.0
58,Roma,2009,7.967459,22996.159018685696,1.0
58,Roma,2010,8.906297,23319.345464870607,0.5
58,Roma,2011,8.437549,23821.032340472702,0.9
58,Roma,2012,9.887223,23196.952267130186,0.9
58,Roma,2013,11.04452,23547.421904216997,0.9
58,Roma,2014,11.295444,23908.40781810213,1.1
58,Roma,2015,10.669639,24097.458168141155,0.7
58,Roma,2016,9.759274,24246.87574933,0.5
58,Roma,2017,9.451823,24041.983645283697,0.4
58,Roma,2018,9.798079,24835.85448591021,0.4
58,Roma,2019,9.085014,24735.6140632032,0.5
58,Roma,2020,8.972828,24436.48301626881,0.4
58,Roma,2021,9.762664,25400.89904860844,0.6
58,Roma,2022,7.387091,26604.698505370685,0.5
58,Roma,2023,6.466966,27680.006535401262,0.6
58,Roma,2024,5.914161,27680.006535401262,0.6
59,Latina,2007,7.852231,15689.970633233932,1.2
59,Latina,2008,8.544321,15995.005736311514,1.1
59,Latina,2009,10.910708,16039.379794040917,0.7
59,Latina,2010,10.527469,16085.44477772525,0.7
59,Latina,2011,9.6698,16287.769297067716,1.1
59,Latina,2012,13.775812,16173.396220251483,1.4
59,Latina,2013,15.273371,16571.42674685969,1.8
59,Latina,2014,15.937813,16747.76500439153,0.4
59,Latina,2015,16.546884,16947.209265772315,0.7
59,Latina,2016,15.468481,17116.592403157476,1.2
59,Latina,2017,13.310854,16856.054016363945,0.5
59,Latina,2018,15.98858,17665.312638038744,0.4
59,Latina,2019,13.588071,17754.83934228943,0.5
59,Latina,2020,11.658654,17762.902871840855,1.2
59,Latina,2021,10.941193,18472.76472145512,0.2
59,Latina,2022,9.410434,19421.6257364078,0.4
59,Latina,2023,8.94581,20437.20567661378,0.9
59,Latina,2024,9.39307,20437.20567661378,0.9
60,Frosinone,2007,8.72693,15232.276207780906,0.8
60,Frosinone,2008,9.388094,15589.277070984086,0.2
60,Frosinone,2009,7.513808,15649.81097337889,0.2
60,Frosinone,2010,9.512735,15810.90176677351,0.6
60,Frosinone,2011,9.255959,16166.46628987433,0.6
60,Frosinone,2012,12.965616,16039.482174068824,0.2
60,Frosinone,2013,14.990212,16308.376298712588,0.2
60,Frosinone,2014,18.464079,16523.512011760846,1.4
60,Frosinone,2015,16.255423,16882.996587107493,1.4
60,Frosinone,2016,16.797985,17020.003731773202,0.2
60,Frosinone,2017,17.972262,16611.46563964016,0.8
60,Frosinone,2018,18.719224,17529.649690223334,0.6
60,Frosinone,2019,14.259953,17573.64019205442,0.2
60,Frosinone,2020,11.312736,17512.920835794306,0.2
60,Frosinone,2021,10.876237,18263.873082461763,0.2
60,Frosinone,2022,8.787387,19219.19759527842,0.2
60,Frosinone,2023,10.126346,20397.492884401963,0.6
60,Frosinone,2024,6.166132,20397.492884401963,0.6
61,Caserta,2007,8.509181,14610.51283218656,2.4
61,Caserta,2008,10.432162,14980.61965113194,3.1
61,Caserta,2009,8.927688,14993.89740234695,1.7
61,Caserta,2010,10.164201,15078.936436229114,1.1
61,Caserta,2011,13.625702,15286.882419118116,1.1
61,Caserta,2012,14.096046,15125.083272308606,1.5
61,Caserta,2013,17.954539,15429.881593867738,1.3
61,Caserta,2014,21.522774,15574.80245918739,0.7
61,Caserta,2015,19.634523,15830.970384180013,1.7
61,Caserta,2016,21.031337,15900.15529244689,0.7
61,Caserta,2017,22.448863,15395.7966148818,1.0
61,Caserta,2018,19.297813,16385.4322294564,0.8
61,Caserta,2019,18.388107,16427.830222819015,0.7
61,Caserta,2020,17.153692,16453.164915502657,0.6
61,Caserta,2021,15.348665,17182.851289862563,0.4
61,Caserta,2022,14.200094,18021.500334399865,0.4
61,Caserta,2023,13.308104,19137.048657388437,0.4
61,Caserta,2024,9.941963,19137.048657388437,0.4
62,Benevento,2007,9.675953,13304.759531183969,0.7
62,Benevento,2008,10.049114,13683.723679608254,1.4
62,Benevento,2009,11.175634,13870.360011244946,1.0
62,Benevento,2010,11.558024,14018.337382892832,1.0
62,Benevento,2011,10.608631,14293.672346576725,0.7
62,Benevento,2012,14.59089,14207.724131330093,0.4
62,Benevento,2013,16.907913,14524.628726242174,0.7
62,Benevento,2014,16.737391,14712.227665592613,0.7
62,Benevento,2015,13.65193,14960.228303099757,0.7
62,Benevento,2016,13.614817,15079.872261606077,0.4
62,Benevento,2017,13.626142,14698.80491223349,0.4
62,Benevento,2018,11.946065,15450.517205709564,1.1
62,Benevento,2019,10.507,15511.220780972506,1.1
62,Benevento,2020,11.736524,15648.972772234963,1.1
62,Benevento,2021,12.77429,16375.551448540058,1.1
62,Benevento,2022,7.451099,17194.346122943214,1.1
62,Benevento,2023,9.536978,18418.75122799318,0.4
62,Benevento,2024,8.372328,18418.75122799318,0.4
63,Napoli,2007,12.370207,16497.55655553257,3.5
63,Napoli,2008,13.946407,16906.78577517022,2.1
63,Napoli,2009,14.541402,16974.954988844198,2.3
63,Napoli,2010,15.636992,17061.816841090527,1.3
63,Napoli,2011,17.591958,17254.94315828229,1.3
63,Napoli,2012,22.537547,17057.581775116098,2.0
63,Napoli,2013,25.661045,17358.533979770906,1.5
63,Napoli,2014,24.610419,17582.640255716724,1.6
63,Napoli,2015,22.137991,17736.434847472436,2.3
63,Napoli,2016,22.8388,17819.600338979166,2.1
63,Napoli,2017,23.904411,17085.786289771,1.1
63,Napoli,2018,24.228916,18267.67128763829,0.7
63,Napoli,2019,23.280644,18189.30565061441,0.7
63,Napoli,2020,22.123633,17869.536228971243,0.9
63,Napoli,2021,23.672418,18687.81481247936,1.3
63,Napoli,2022,20.585317,19753.06036741852,1.2
63,Napoli,2023,20.750628,20696.755443337308,1.0
63,Napoli,2024,19.961831,20696.755443337308,1.0
64,Avellino,2007,9.241602,14022.143737478762,0.9
64,Avellino,2008,9.722407,14330.39494896586,0.9
64,Avellino,2009,8.023263,14411.076168868298,1.1
64,Avellino,2010,11.775272,14603.306591856031,0.2
64,Avellino,2011,14.052517,14795.55122613776,0.7
64,Avellino,2012,15.303749,14670.953101855805,0.7
64,Avellino,2013,13.665169,15044.43775094368,2.1
64,Avellino,2014,16.829865,15207.404980534708,0.5
64,Avellino,2015,16.541887,15541.490839662878,0.9
64,Avellino,2016,14.629104,15631.160309559113,0.5
64,Avellino,2017,15.051776,15075.652225200669,0.2
64,Avellino,2018,15.255039,15951.56916393827,0.7
64,Avellino,2019,14.543903,16043.77972977567,0.7
64,Avellino,2020,14.122438,16049.220144405708,0.2
64,Avellino,2021,14.470525,16815.91734014918,0.7
64,Avellino,2022,13.858993,17718.647060816278,0.5
64,Avellino,2023,14.080137,19002.77279453529,0.5
64,Avellino,2024,8.719377,19002.77279453529,0.5
65,Salerno,2007,11.251937,14153.75971210622,1.5
65,Salerno,2008,12.337664,14572.171491181458,1.1
65,Salerno,2009,14.031759,14707.982543120594,0.9
65,Salerno,2010,13.957971,14871.669862299204,0.7
65,Salerno,2011,13.133667,15015.386950283204,0.5
65,Salerno,2012,17.498791,14793.880474560176,0.8
65,Salerno,2013,17.343444,15137.28117379374,0.7
65,Salerno,2014,17.47429,15376.074727251937,0.7
65,Salerno,2015,16.649838,15626.08902996368,1.3
65,Salerno,2016,17.488323,15803.388909426989,0.9
65,Salerno,2017,15.882213,15167.980487512275,0.7
65,Salerno,2018,15.038701,16283.054499761118,0.8
65,Salerno,2019,17.163724,16316.62729085444,0.4
65,Salerno,2020,13.048544,16193.163156328552,0.5
65,Salerno,2021,15.122565,16950.044919985998,0.1
65,Salerno,2022,14.208591,17954.190125913243,0.8
65,Salerno,2023,15.11177,19091.796688041777,0.3
65,Salerno,2024,12.378149,19091.796688041777,0.3
66,L'Aquila,2007,7.700549,15871.86660056986,1.0
66,L'Aquila,2008,8.341557,15899.6980585045,1.0
66,L'Aquila,2009,9.427345,16171.27236527374,0.3
66,L'Aquila,2010,6.964473,16699.00292545658,0.3
66,L'Aquila,2011,8.247034,17076.869507517888,1.0
66,L'Aquila,2012,9.505271,17125.52643913403,0.3
66,L'Aquila,2013,12.199782,17452.953832231116,1.6
66,L'Aquila,2014,13.914693,17622.110563840335,1.6
66,L'Aquila,2015,14.59563,17940.431630040894,0.3
66,L'Aquila,2016,11.727946,18116.27516435424,0.3
66,L'Aquila,2017,12.315088,17600.723858390877,0.3
66,L'Aquila,2018,9.766988,18626.77935311085,0.3
66,L'Aquila,2019,9.442588,18585.98520873453,0.3
66,L'Aquila,2020,8.229487,18611.789355780325,0.3
66,L'Aquila,2021,9.492541,19322.523901550383,0.3
66,L'Aquila,2022,8.891233,20519.017846136205,0.3
66,L'Aquila,2023,9.193203,21807.71532701892,1.0
66,L'Aquila,2024,6.067853,21807.71532701892,1.0
67,Teramo,2007,5.531037,14782.90428349332,0.3
67,Teramo,2008,5.410681,15085.394046730453,0.7
67,Teramo,2009,6.149908,15137.515305890587,0.6
67,Teramo,2010,8.409034,15225.403672642358,1.3
67,Teramo,2011,7.935921,15531.408510483105,1.6
67,Teramo,2012,9.708492,15353.146706301048,0.3
67,Teramo,2013,8.70972,15717.70713949344,1.0
67,Teramo,2014,10.975382,15939.418540270022,0.3
67,Teramo,2015,11.543745,16302.509041298834,0.3
67,Teramo,2016,11.09172,16547.649236890134,0.3
67,Teramo,2017,10.226737,16170.420515169602,1.0
67,Teramo,2018,10.110475,17189.969856141033,1.0
67,Teramo,2019,9.258684,17292.138816488077,0.7
67,Teramo,2020,9.448517,17137.64388243653,0.7
67,Teramo,2021,6.92875,18090.5137381042,0.7
67,Teramo,2022,6.265554,19133.203214431032,0.3
67,Teramo,2023,6.687917,20307.30595720841,0.3
67,Teramo,2024,9.220114,20307.30595720841,0.3
68,Pescara,2007,5.645839,16805.1004327583,1.0
68,Pescara,2008,6.949348,17020.543748062228,0.3
68,Pescara,2009,7.963062,17041.55743278705,0.9
68,Pescara,2010,8.914662,17265.192546073966,0.3
68,Pescara,2011,9.428689,17531.83553368155,0.9
68,Pescara,2012,12.476146,17321.721676023553,1.2
68,Pescara,2013,11.588778,17723.568672814516,0.6
68,Pescara,2014,12.371414,17859.05996275953,0.9
68,Pescara,2015,12.973189,18203.10341054679,0.6
68,Pescara,2016,13.824038,18371.599625473413,1.2
68,Pescara,2017,12.268645,17924.958349934677,0.6
68,Pescara,2018,11.720849,18790.013200500423,0.6
68,Pescara,2019,12.032304,18758.584067429943,0.3
68,Pescara,2020,9.715987,18621.08261710406,0.6
68,Pescara,2021,11.202785,19505.859123652463,0.6
68,Pescara,2022,10.986023,20575.192945647083,0.6
68,Pescara,2023,9.320563,21654.30684321808,0.3
68,Pescara,2024,7.434293,21654.30684321808,0.3
69,Chieti,2007,5.827547,14943.72049528128,0.5
69,Chieti,2008,5.939932,15182.61526645812,0.5
69,Chieti,2009,8.304393,15056.4846161226,0.3
69,Chieti,2010,10.055994,15337.40442963768,0.5
69,Chieti,2011,8.633419,15761.460447324504,1.3
69,Chieti,2012,11.424661,15741.25771325521,1.3
69,Chieti,2013,12.280325,16157.86064458726,0.3
69,Chieti,2014,12.898977,16440.96348010887,0.3
69,Chieti,2015,11.693274,16910.453333283367,0.5
69,Chieti,2016,11.868336,17062.564928959662,0.3
69,Chieti,2017,11.982122,16550.994165520828,1.0
69,Chieti,2018,11.305361,17397.78722582466,1.0
69,Chieti,2019,13.546317,17515.798363616806,0.8
69,Chieti,2020,10.91125,17717.316297809342,0.8
69,Chieti,2021,9.651447,18267.094011650428,0.5
69,Chieti,2022,11.197749,19073.59333657265,1.3
69,Chieti,2023,7.248063,20381.85283988729,1.1
69,Chieti,2024,5.772573,20381.85283988729,1.1
70,Campobasso,2007,8.315724,13987.144754380435,0.9
70,Campobasso,2008,8.2877,14369.856675540175,0.4
70,Campobasso,2009,7.905562,14341.851796001773,0.9
70,Campobasso,2010,7.955155,14512.82123155191,1.3
70,Campobasso,2011,7.966609,14886.01247121905,0.4
70,Campobasso,2012,8.073675,14694.103602238136,0.4
70,Campobasso,2013,13.546235,14965.356355351316,0.4
70,Campobasso,2014,18.560513,15129.243143518368,0.4
70,Campobasso,2015,14.136063,15522.101323989587,0.4
70,Campobasso,2016,11.177754,15708.97757883009,0.4
70,Campobasso,2017,15.558741,15062.296684233352,0.4
70,Campobasso,2018,17.575969,16171.116823570548,0.4
70,Campobasso,2019,13.145621,16234.427415255635,0.4
70,Campobasso,2020,10.649609,16240.641133593484,0.4
70,Campobasso,2021,12.118802,16906.135159263675,0.5
70,Campobasso,2022,9.977726,17776.40585638358,0.5
70,Campobasso,2023,11.675401,18979.95584605359,0.5
70,Campobasso,2024,6.600245,18979.95584605359,0.5
71,Foggia,2007,9.454153,13265.01844147295,3.4
71,Foggia,2008,11.336527,13832.06117086768,2.5
71,Foggia,2009,13.628676,13781.58642054891,2.7
71,Foggia,2010,13.367762,13811.8054647801,3.1
71,Foggia,2011,14.430676,14083.092068743308,3.1
71,Foggia,2012,18.164834,13773.5536205617,2.5
71,Foggia,2013,21.206012,14049.08534480117,2.2
71,Foggia,2014,22.821162,14179.63154351552,1.7
71,Foggia,2015,20.134733,14465.62882370763,1.8
71,Foggia,2016,17.069746,14592.090083955009,2.2
71,Foggia,2017,25.000118,13915.389695983127,3.2
71,Foggia,2018,22.006454,15006.34155095241,1.8
71,Foggia,2019,20.803716,15114.07492173412,2.1
71,Foggia,2020,25.05235,15196.456349836202,1.8
71,Foggia,2021,21.7669,15827.662243129616,1.5
71,Foggia,2022,16.896562,16593.020028176717,2.7
71,Foggia,2023,17.572753,17484.02163086508,1.5
71,Foggia,2024,16.001622,17484.02163086508,1.5
72,Bari,2007,9.539594,15336.852498286786,0.6
72,Bari,2008,10.259392,16129.21050786168,0.9
72,Bari,2009,11.041322,16178.63647042082,0.7
72,Bari,2010,11.110968,16364.906585520892,1.4
72,Bari,2011,12.148107,16601.187039964494,1.1
72,Bari,2012,16.000441,16310.416288594635,1.5
72,Bari,2013,19.654802,16689.45490531588,1.4
72,Bari,2014,20.436338,16877.79852738579,0.9
72,Bari,2015,19.050916,17156.06311007367,0.8
72,Bari,2016,20.272539,17351.55535382928,1.0
72,Bari,2017,15.446762,16865.992733193027,1.0
72,Bari,2018,13.029777,17855.435711345915,0.6
72,Bari,2019,11.827914,17906.733526551798,0.2
72,Bari,2020,10.254432,17856.857150957538,0.1
72,Bari,2021,9.968138,18713.07174727759,0.4
72,Bari,2022,9.121927,19761.33784700348,0.2
72,Bari,2023,8.276344,20705.99570574791,0.5
72,Bari,2024,5.636038,20705.99570574791,0.5
73,Taranto,2007,10.540169,15125.593894934354,0.2
73,Taranto,2008,10.418596,15542.94118397042,1.2
73,Taranto,2009,9.554446,15605.734584063994,0.5
73,Taranto,2010,12.375914,15657.866044892487,1.0
73,Taranto,2011,11.147608,15828.954105312632,0.5
73,Taranto,2012,13.041241,15682.333749930049,0.5
73,Taranto,2013,15.501288,16000.17890229075,0.9
73,Taranto,2014,18.480193,16255.028891054037,1.0
73,Taranto,2015,18.849911,16506.42029096877,0.5
73,Taranto,2016,16.504351,16640.410791223057,0.9
73,Taranto,2017,16.844758,16064.794387017591,1.2
73,Taranto,2018,16.747002,17055.72156141337,0.4
73,Taranto,2019,15.382808,17192.444066129254,0.4
73,Taranto,2020,11.704618,17126.250057880578,0.4
73,Taranto,2021,14.959242,17720.571664065523,0.9
73,Taranto,2022,13.336191,18577.779798485648,0.4
73,Taranto,2023,13.5386,19410.27269979592,0.5
73,Taranto,2024,10.498302,19410.27269979592,0.5
74,Brindisi,2007,13.543523,13602.593727811984,0.7
74,Brindisi,2008,12.319681,14037.37130151958,0.7
74,Brindisi,2009,14.349156,14199.808672776137,2.0
74,Brindisi,2010,14.699422,14347.545271235438,1.7
74,Brindisi,2011,12.914486,14606.545753934906,1.5
74,Brindisi,2012,13.199355,14430.040131683263,1.5
74,Brindisi,2013,16.811988,14843.26670937922,0.2
74,Brindisi,2014,18.341026,15056.06102500029,0.7
74,Brindisi,2015,16.5152,15425.819991296985,0.3
74,Brindisi,2016,17.099909,15562.70315830492,0.3
74,Brindisi,2017,18.637755,14961.062940038684,1.0
74,Brindisi,2018,14.452143,15928.321160325164,0.3
74,Brindisi,2019,11.888088,15992.657953976024,0.5
74,Brindisi,2020,11.841057,15919.19114485144,1.0
74,Brindisi,2021,15.799973,16586.186543656106,0.3
74,Brindisi,2022,12.960336,17523.129615825026,0.5
74,Brindisi,2023,14.836144,18468.76238895308,1.6
74,Brindisi,2024,10.499945,18468.76238895308,1.6
75,Lecce,2007,14.62018,13555.006996308037,1.0
75,Lecce,2008,15.038576,13921.200750152446,0.5
75,Lecce,2009,16.204848,14025.81736512538,0.6
75,Lecce,2010,17.663525,14230.743819627229,0.2
75,Lecce,2011,15.601449,14453.781025274402,0.2
75,Lecce,2012,18.224745,14310.761470418294,0.6
75,Lecce,2013,22.05307,14684.814901396288,0.6
75,Lecce,2014,25.837011,14876.219299970217,0.7
75,Lecce,2015,22.046056,15103.728839395186,0.2
75,Lecce,2016,23.078452,15205.20344695043,0.5
75,Lecce,2017,22.335356,14565.103118336016,0.1
75,Lecce,2018,17.844883,15648.415250506128,0.8
75,Lecce,2019,17.469831,15710.876339179582,0.3
75,Lecce,2020,16.253503,15756.168736025787,0.3
75,Lecce,2021,15.350902,16529.999388567358,0.4
75,Lecce,2022,12.796304,17390.1233867947,0.3
75,Lecce,2023,10.735843,18323.663383984334,0.3
75,Lecce,2024,10.143324,18323.663383984334,0.3
76,Potenza,2007,9.690228,13761.511010251908,1.0
76,Potenza,2008,10.750356,14087.478643649438,0.5
76,Potenza,2009,10.452303,14353.098957018276,0.3
76,Potenza,2010,11.638203,14553.58899418056,0.5
76,Potenza,2011,10.839187,14847.443911203482,1.3
76,Potenza,2012,12.913517,14729.826727836034,0.8
76,Potenza,2013,13.78272,15084.64198437847,0.3
76,Potenza,2014,13.547637,15265.657671207193,1.1
76,Potenza,2015,13.298408,15820.20849861326,1.1
76,Potenza,2016,13.553395,15948.581363819574,0.3
76,Potenza,2017,12.70571,15206.458491048284,0.5
76,Potenza,2018,12.755822,16378.96017286774,1.1
76,Potenza,2019,10.905048,16355.661550080627,1.1
76,Potenza,2020,8.918396,16455.634115858105,0.6
76,Potenza,2021,8.442002,17231.91157181617,0.6
76,Potenza,2022,6.776534,18078.124708267813,0.6
76,Potenza,2023,7.205204,19376.41074157211,0.6
76,Potenza,2024,6.493689,19376.41074157211,0.6
77,Matera,2007,8.919489,13902.713436723452,1.5
77,Matera,2008,11.458403,14345.183405557926,1.5
77,Matera,2009,12.662584,14432.5962909701,1.5
77,Matera,2010,15.259172,14475.446709047328,1.5
77,Matera,2011,13.813543,14679.03388907538,0.5
77,Matera,2012,17.344676,14391.224433671352,0.5
77,Matera,2013,17.844761,14819.800381284056,0.5
77,Matera,2014,16.964286,14998.79649450416,1.5
77,Matera,2015,14.454435,15347.364844837315,0.5
77,Matera,2016,12.771518,15490.964340571634,0.5
77,Matera,2017,13.002311,14851.69176664667,1.0
77,Matera,2018,12.00403,15988.07761574508,1.0
77,Matera,2019,10.521505,16200.053558992024,0.5
77,Matera,2020,8.627418,16271.277378801336,0.5
77,Matera,2021,7.921571,16940.271872581307,0.5
77,Matera,2022,7.635991,17768.101358497926,0.5
77,Matera,2023,7.990308,18848.07063975063,0.5
77,Matera,2024,7.11348,18848.07063975063,0.5
78,Cosenza,2007,10.511915,12624.845521988036,2.2
78,Cosenza,2008,10.977151,13002.61574676091,1.0
78,Cosenza,2009,10.922168,13209.876132695355,2.5
78,Cosenza,2010,12.542376,13297.210627580314,0.8
78,Cosenza,2011,12.184491,13556.212496173135,1.9
78,Cosenza,2012,20.362353,13353.027286182589,0.8
78,Cosenza,2013,23.33307,13658.078691111295,1.3
78,Cosenza,2014,27.807666,13877.676593740069,1.4
78,Cosenza,2015,22.5213,14177.412634214454,0.8
78,Cosenza,2016,23.722774,14322.349068955984,0.9
78,Cosenza,2017,21.174997,13564.929815749218,0.4
78,Cosenza,2018,23.500986,14675.376023499171,0.9
78,Cosenza,2019,21.448711,14722.143375659774,1.3
78,Cosenza,2020,21.857174,14673.591970268855,0.6
78,Cosenza,2021,18.774644,15327.697834958875,0.7
78,Cosenza,2022,15.626901,16213.554539649636,0.9
78,Cosenza,2023,17.477819,17236.873512643248,0.7
78,Cosenza,2024,13.611502,17236.873512643248,0.7
79,Catanzaro,2007,12.591574,13965.082787326855,1.9
79,Catanzaro,2008,13.835672,14367.284414102,3.9
79,Catanzaro,2009,11.240702,14670.228046779726,3.6
79,Catanzaro,2010,10.376265,14804.4052208659,4.7
79,Catanzaro,2011,11.126567,15061.76176162337,1.9
79,Catanzaro,2012,19.503651,14852.489311681156,1.4
79,Catanzaro,2013,21.148279,15141.926703845877,3.3
79,Catanzaro,2014,20.404726,15329.317445212186,1.7
79,Catanzaro,2015,22.403356,15474.052737458973,2.5
79,Catanzaro,2016,19.017333,15632.608480591362,0.6
79,Catanzaro,2017,19.42379,14855.564464990974,1.1
79,Catanzaro,2018,20.085577,16048.214895854471,1.1
79,Catanzaro,2019,20.674504,16049.913269399234,0.9
79,Catanzaro,2020,18.130219,15988.229814358165,0.3
79,Catanzaro,2021,16.794614,16694.210438480917,0.6
79,Catanzaro,2022,13.077011,17621.873644885516,0.6
79,Catanzaro,2023,14.90433,18690.134547708007,0.3
79,Catanzaro,2024,15.681889,18690.134547708007,0.3
80,Reggio di Calabria,2007,10.064043,13364.463979584429,4.1
80,Reggio di Calabria,2008,11.055401,13793.21689236487,6.1
80,Reggio di Calabria,2009,11.249628,13987.366094121331,4.3
80,Reggio di Calabria,2010,11.538922,14083.858479649129,4.1
80,Reggio di Calabria,2011,12.911601,14361.077675450488,4.0
80,Reggio di Calabria,2012,15.933131,14217.979697393235,4.5
80,Reggio di Calabria,2013,20.478741,14555.812545337669,3.6
80,Reggio di Calabria,2014,19.218827,14612.455175107483,1.8
80,Reggio di Calabria,2015,22.090673,14869.903155353584,2.6
80,Reggio di Calabria,2016,23.974397,14935.03822577518,1.7
80,Reggio di Calabria,2017,22.201365,14049.544364085375,1.1
80,Reggio di Calabria,2018,19.776598,15379.730547580815,1.9
80,Reggio di Calabria,2019,18.901402,15497.546842308242,1.7
80,Reggio di Calabria,2020,15.84387,15523.78986529472,1.5
80,Reggio di Calabria,2021,16.596591,16188.509507175311,0.2
80,Reggio di Calabria,2022,13.668283,16978.834881586194,0.8
80,Reggio di Calabria,2023,15.877943,18053.775446284955,1.2
80,Reggio di Calabria,2024,10.707743,18053.775446284955,1.2
81,Trapani,2007,10.857395,13668.935130261996,0.9
81,Trapani,2008,10.714794,13967.286465470304,1.2
81,Trapani,2009,11.008406,14075.436596306166,1.2
81,Trapani,2010,12.926301,14165.65934851538,1.1
81,Trapani,2011,12.82455,14390.45516429827,1.6
81,Trapani,2012,17.968,14084.651259735849,2.1
81,Trapani,2013,22.508362,14415.520137998345,0.9
81,Trapani,2014,20.614281,14556.35710761157,1.2
81,Trapani,2015,16.727929,14614.801568202403,0.9
81,Trapani,2016,21.228635,14793.86769144328,1.9
81,Trapani,2017,24.367446,14177.175435853036,0.7
81,Trapani,2018,23.590974,15298.307035380236,0.5
81,Trapani,2019,17.805025,15372.463172265272,0.7
81,Trapani,2020,17.57444,15308.065230621334,0.7
81,Trapani,2021,15.748732,16064.653942055378,0.7
81,Trapani,2022,13.35865,17034.499876018082,0.5
81,Trapani,2023,12.528049,18050.03584781673,0.5
81,Trapani,2024,8.054155,18050.03584781673,0.5
82,Palermo,2007,15.388926,16315.78601231502,1.4
82,Palermo,2008,16.929637,16779.27834457968,0.7
82,Palermo,2009,17.640879,16875.416011501417,1.0
82,Palermo,2010,18.394666,16883.57142469428,0.9
82,Palermo,2011,15.623752,17066.134814787147,1.3
82,Palermo,2012,19.133098,16795.982796157583,0.6
82,Palermo,2013,20.478128,17035.6450315735,1.3
82,Palermo,2014,23.180926,17198.23813490839,0.7
82,Palermo,2015,23.886089,17317.31390522412,0.9
82,Palermo,2016,25.132782,17379.935159055833,0.6
82,Palermo,2017,21.334264,16928.1966751595,0.6
82,Palermo,2018,19.753817,17925.790197769482,0.3
82,Palermo,2019,19.055246,17927.008316216623,1.1
82,Palermo,2020,15.748349,17748.16901998316,0.4
82,Palermo,2021,19.448554,18470.49865452136,0.5
82,Palermo,2022,17.627901,19423.91706068168,0.3
82,Palermo,2023,17.064334,20436.085943162096,0.3
82,Palermo,2024,14.279104,20436.085943162096,0.3
83,Messina,2007,10.275861,14931.380957546147,0.3
83,Messina,2008,13.452124,15375.573363356243,0.8
83,Messina,2009,13.885913,15562.906041953627,0.8
83,Messina,2010,13.356996,15700.132044364507,0.5
83,Messina,2011,12.281971,15876.160380422176,0.3
83,Messina,2012,16.512405,15767.21784611909,0.9
83,Messina,2013,21.681456,16173.843893954356,0.9
83,Messina,2014,22.066421,16290.25176304833,0.5
83,Messina,2015,22.459,16438.193611643164,1.3
83,Messina,2016,22.417265,16565.623832048143,0.2
83,Messina,2017,24.834112,15892.044804548976,0.5
83,Messina,2018,25.467802,17068.604871081596,0.5
83,Messina,2019,25.940641,17071.176644602183,0.6
83,Messina,2020,24.507632,16946.416957672027,0.5
83,Messina,2021,23.909025,17618.048923380677,0.3
83,Messina,2022,21.235469,18536.576308701224,0.7
83,Messina,2023,19.349452,19641.62284574124,0.5
83,Messina,2024,15.912496,19641.62284574124,0.5
84,Agrigento,2007,16.906847,12845.585465017788,1.3
84,Agrigento,2008,16.715124,13200.170558276272,0.7
84,Agrigento,2009,17.427721,13314.879523034084,1.6
84,Agrigento,2010,19.416821,13425.963598339042,0.9
84,Agrigento,2011,17.581339,13562.70555255696,1.5
84,Agrigento,2012,19.478198,13376.668087110334,1.1
84,Agrigento,2013,20.979053,13655.367321599551,1.3
84,Agrigento,2014,25.503568,13807.160851985502,0.9
84,Agrigento,2015,26.195482,13824.531713449487,1.6
84,Agrigento,2016,24.269981,14010.028755787334,0.2
84,Agrigento,2017,22.977542,13454.49983409092,1.2
84,Agrigento,2018,27.611998,14490.90499236273,1.4
84,Agrigento,2019,23.573848,14533.598109126517,0.7
84,Agrigento,2020,22.013993,14515.404476625115,0.5
84,Agrigento,2021,21.777342,15111.28318594699,0.5
84,Agrigento,2022,18.918608,16028.920212067298,2.9
84,Agrigento,2023,16.185518,17041.052575965048,0.7
84,Agrigento,2024,15.705053,17041.052575965048,0.7
85,Caltanissetta,2007,15.709691,13462.661049774872,0.7
85,Caltanissetta,2008,14.203871,13960.832855666084,0.7
85,Caltanissetta,2009,15.417764,14020.471568254285,0.4
85,Caltanissetta,2010,16.813349,14073.06059792785,1.5
85,Caltanissetta,2011,16.914113,14239.359493321455,1.5
85,Caltanissetta,2012,21.787697,14009.15780774908,1.5
85,Caltanissetta,2013,23.488993,14365.50705576371,0.7
85,Caltanissetta,2014,24.510305,14526.853184239386,0.7
85,Caltanissetta,2015,22.22527,14555.895912732363,0.7
85,Caltanissetta,2016,21.073755,14641.835642559174,1.1
85,Caltanissetta,2017,17.70133,14165.349474943156,0.8
85,Caltanissetta,2018,17.618577,15149.85867931151,0.4
85,Caltanissetta,2019,18.252569,15253.518902733893,0.4
85,Caltanissetta,2020,13.995062,15304.88387903258,2.4
85,Caltanissetta,2021,16.320157,16034.05126907946,2.4
85,Caltanissetta,2022,19.596009,16900.678608377326,0.4
85,Caltanissetta,2023,17.235573,17927.13282784812,0.4
85,Caltanissetta,2024,13.935846,17927.13282784812,0.4
86,Enna,2007,16.330828,12703.397438027208,4.0
86,Enna,2008,15.945927,13169.05140491254,1.7
86,Enna,2009,15.065948,13369.874845765564,1.1
86,Enna,2010,16.495843,13326.443780039051,2.3
86,Enna,2011,14.133566,13608.088301958369,1.1
86,Enna,2012,21.549624,13466.596543469936,2.3
86,Enna,2013,24.634095,13793.51914893617,1.2
86,Enna,2014,24.90001,13932.74644077872,0.6
86,Enna,2015,21.48152,13908.304354635058,1.8
86,Enna,2016,19.762853,14099.57387185636,0.6
86,Enna,2017,24.739991,13659.516715459917,1.2
86,Enna,2018,21.57327,14682.877554528632,1.2
86,Enna,2019,23.628924,14780.368137185716,1.2
86,Enna,2020,17.10809,14803.918854632684,1.2
86,Enna,2021,18.168756,15484.976598289211,1.9
86,Enna,2022,12.768751,16382.135956830743,1.9
86,Enna,2023,13.899157,17523.915495093035,1.9
86,Enna,2024,10.493367,17523.915495093035,1.9
87,Catania,2007,11.529283,15307.44287703726,2.1
87,Catania,2008,11.969447,15652.517809311485,1.5
87,Catania,2009,11.237696,15634.48719278115,2.2
87,Catania,2010,11.912124,15726.889400061968,1.6
87,Catania,2011,12.403535,15845.928871677646,1.3
87,Catania,2012,16.388614,15627.388391838596,1.1
87,Catania,2013,19.520347,15975.602583226431,1.6
87,Catania,2014,19.234595,16248.914257964583,1.6
87,Catania,2015,16.224226,16339.421051843196,1.2
87,Catania,2016,18.518306,16535.65019055548,0.9
87,Catania,2017,18.827761,15927.898919269928,0.6
87,Catania,2018,18.918882,17076.61091092306,1.1
87,Catania,2019,16.113273,17064.875570844353,0.3
87,Catania,2020,16.02502,16978.62752747846,0.7
87,Catania,2021,15.451536,17735.34320691524,1.1
87,Catania,2022,16.005855,18697.69547062283,0.7
87,Catania,2023,15.311742,19639.98924429465,0.7
87,Catania,2024,12.520145,19639.98924429465,0.7
88,Ragusa,2007,8.166082,12762.614916090184,2.0
88,Ragusa,2008,8.157066,13177.842988691596,0.7
88,Ragusa,2009,9.294154,13237.297950154409,1.0
88,Ragusa,2010,9.19849,13230.000009767296,1.9
88,Ragusa,2011,12.672392,13326.88830712987,0.3
88,Ragusa,2012,18.175413,13102.8931873384,1.3
88,Ragusa,2013,19.617268,13563.511640435989,0.9
88,Ragusa,2014,18.531905,13666.26161455218,1.9
88,Ragusa,2015,19.499935,13887.42073259085,0.3
88,Ragusa,2016,19.372694,14128.696811447158,0.9
88,Ragusa,2017,18.807406,13457.854746799285,0.3
88,Ragusa,2018,18.740026,14592.855268245768,0.6
88,Ragusa,2019,16.527227,14690.024076269512,0.6
88,Ragusa,2020,14.260526,14705.855086998192,0.3
88,Ragusa,2021,15.010517,15421.235669131302,0.3
88,Ragusa,2022,9.73594,16248.071784140118,0.9
88,Ragusa,2023,9.542513,17092.867903332524,0.9
88,Ragusa,2024,5.655797,17092.867903332524,0.9
89,Siracusa,2007,11.583224,14848.83399575053,1.0
89,Siracusa,2008,11.470455,15253.746891500596,1.0
89,Siracusa,2009,8.438735,15355.698924997729,0.7
89,Siracusa,2010,10.589461,15426.078038291362,1.5
89,Siracusa,2011,15.533148,15513.63673712316,1.5
89,Siracusa,2012,20.341504,15265.268101452108,1.0
89,Siracusa,2013,21.673119,15832.512975532822,1.2
89,Siracusa,2014,25.340097,15993.12808161684,1.2
89,Siracusa,2015,25.724216,16133.103119461335,0.7
89,Siracusa,2016,24.039278,16239.628696595171,1.3
89,Siracusa,2017,21.992343,15722.09897507952,0.3
89,Siracusa,2018,22.180752,16733.92038024517,1.0
89,Siracusa,2019,24.130008,16798.47112304281,0.5
89,Siracusa,2020,23.81495,16778.63724649729,1.3
89,Siracusa,2021,21.372687,17366.719001087644,1.0
89,Siracusa,2022,14.427822,18255.73883148377,1.6
89,Siracusa,2023,16.33378,19307.40220472573,0.5
89,Siracusa,2024,15.046235,19307.40220472573,0.5
90,Sassari,2007,9.935734,15996.40923304037,1.1
90,Sassari,2008,16.652624,16534.672226732928,1.1
90,Sassari,2009,18.673875,16646.725611041584,0.6
90,Sassari,2010,16.186113,16832.659331644565,0.4
90,Sassari,2011,13.763348,16910.907662554124,1.7
90,Sassari,2012,15.946653,16633.22664158299,0.6
90,Sassari,2013,16.775855,17097.29893629747,0.2
90,Sassari,2014,19.999406,17286.190770765545,1.5
90,Sassari,2015,16.67948,17549.168820576284,0.8
90,Sassari,2016,21.910042,17572.42558854401,0.8
90,Sassari,2017,16.880892,17018.185351916378,0.2
90,Sassari,2018,14.486842,17750.545408900347,0.4
90,Sassari,2019,13.41762,17704.631534678298,0.6
90,Sassari,2020,14.833225,17435.93924175344,0.2
90,Sassari,2021,13.02209,18290.004417848475,0.6
90,Sassari,2022,10.251087,19277.06129099958,0.6
90,Sassari,2023,9.57494,20414.350656136983,0.6
90,Sassari,2024,7.512949,20414.350656136983,0.6
91,Nuoro,2007,10.805703,13429.04727054589,3.8
91,Nuoro,2008,12.927503,14127.380298985088,7.6
91,Nuoro,2009,9.924891,14406.348418409414,2.7
91,Nuoro,2010,9.895558,14646.861847624254,3.5
91,Nuoro,2011,9.122269,14812.551702821713,1.5
91,Nuoro,2012,11.352963,14648.27646252807,2.3
91,Nuoro,2013,10.077689,14993.76429438631,3.5
91,Nuoro,2014,11.751779,15132.063082472218,5.1
91,Nuoro,2015,14.65683,15342.945209107944,3.5
91,Nuoro,2016,12.720308,15481.167071989245,2.0
91,Nuoro,2017,13.035126,14777.775500735432,2.8
91,Nuoro,2018,13.03045,15704.598048963242,2.8
91,Nuoro,2019,11.323982,15792.234544934174,1.2
91,Nuoro,2020,9.727846,15730.113074487246,0.8
91,Nuoro,2021,7.269034,16258.954732421198,1.2
91,Nuoro,2022,7.659008,17106.76769432414,2.1
91,Nuoro,2023,6.714923,18295.55350858013,3.4
91,Nuoro,2024,9.256541,18295.55350858013,3.4
92,Cagliari,2007,9.25727,16748.442933954528,0.8
92,Cagliari,2008,11.327507,18139.846805822654,0.5
92,Cagliari,2009,10.997656,18317.752574279944,0.7
92,Cagliari,2010,12.463233,18479.704287796187,0.4
92,Cagliari,2011,13.195008,18649.504975953525,1.3
92,Cagliari,2012,15.488583,18571.770709898163,0.3
92,Cagliari,2013,17.717351,19055.74864691468,1.0
92,Cagliari,2014,17.938062,19119.142441056854,0.3
92,Cagliari,2015,17.708338,19394.954717520177,0.7
92,Cagliari,2016,14.299872,19561.602615049356,0.7
92,Cagliari,2017,15.524617,19122.650035563776,0.8
92,Cagliari,2018,16.2428,21394.86381161419,0.9
92,Cagliari,2019,15.810523,21438.330161542544,0.5
92,Cagliari,2020,13.008261,21287.14921198604,0.8
92,Cagliari,2021,16.409297,22068.782044793566,0.9
92,Cagliari,2022,13.537902,22893.821319082814,0.4
92,Cagliari,2023,11.380443,23960.527516218943,0.4
92,Cagliari,2024,8.751902,23960.527516218943,0.4
93,Pordenone,2007,2.793019,18989.11986357196,0.6
93,Pordenone,2008,3.994302,19109.730884298107,0.6
93,Pordenone,2009,4.837512,19073.48970412004,0.3
93,Pordenone,2010,6.326965,19357.06144164954,1.0
93,Pordenone,2011,5.582891,19828.17066291756,1.0
93,Pordenone,2012,6.838068,19734.19684192557,0.3
93,Pordenone,2013,7.918521,20422.40376834402,0.3
93,Pordenone,2014,8.236399,20678.06665682567,0.3
93,Pordenone,2015,6.757277,21150.871711943862,2.2
93,Pordenone,2016,7.367518,21510.392310565265,0.6
93,Pordenone,2017,5.7728,21481.1357263759,1.3
93,Pordenone,2018,4.817328,22199.430538342694,0.3
93,Pordenone,2019,4.532874,22325.87619019482,0.3
93,Pordenone,2020,3.198806,22104.58283930828,0.3
93,Pordenone,2021,3.252944,23208.52276926695,0.3
93,Pordenone,2022,2.989,24210.16094607725,0.3
93,Pordenone,2023,3.368554,25182.068916111763,0.3
93,Pordenone,2024,1.776243,25182.068916111763,0.3
94,Isernia,2007,7.966148,14045.898703092626,1.1
94,Isernia,2008,9.469629,14426.8961541414,1.1
94,Isernia,2009,9.448403,14587.794403438287,1.1
94,Isernia,2010,8.572051,14686.565770885005,1.1
94,Isernia,2011,10.716215,15013.762891211918,1.1
94,Isernia,2012,13.57024,14758.815891225157,1.1
94,Isernia,2013,16.383492,15087.360882889932,1.2
94,Isernia,2014,13.908191,15119.433256121774,1.2
94,Isernia,2015,14.405868,15432.652805544449,1.2
94,Isernia,2016,13.426251,15520.184139063967,1.2
94,Isernia,2017,14.237436,14863.494568305645,1.2
94,Isernia,2018,11.213492,15822.870933368851,1.2
94,Isernia,2019,11.82389,15892.654638138038,1.2
94,Isernia,2020,9.651084,15922.14772843114,1.2
94,Isernia,2021,10.460319,16765.48983206731,1.2
94,Isernia,2022,10.722114,17705.148768472907,1.2
94,Isernia,2023,8.749807,19080.28070709119,1.2
94,Isernia,2024,8.396476,19080.28070709119,1.2
95,Oristano,2007,10.686104,13699.92403624727,0.7
95,Oristano,2008,11.464281,14072.746762446191,2.0
95,Oristano,2009,13.530803,14286.516211936112,1.3
95,Oristano,2010,15.07149,14429.989648879082,1.3
95,Oristano,2011,15.275744,14584.541070007046,2.0
95,Oristano,2012,17.406659,14482.491002828723,1.3
95,Oristano,2013,17.770238,14887.003528909196,1.3
95,Oristano,2014,19.672301,15136.028628109842,1.3
95,Oristano,2015,19.686577,15372.29291365669,0.7
95,Oristano,2016,19.810083,15597.82271417595,0.7
95,Oristano,2017,17.758971,15126.07420609203,2.1
95,Oristano,2018,13.262774,15990.164142381189,1.4
95,Oristano,2019,17.013489,16075.954070961272,1.4
95,Oristano,2020,15.211893,16090.23214147437,1.4
95,Oristano,2021,14.832463,16707.30368621404,0.7
95,Oristano,2022,13.145057,17530.411221096958,1.4
95,Oristano,2023,8.353423,18668.159867486986,1.5
95,Oristano,2024,8.83631,18668.159867486986,1.5
96,Biella,2007,4.23333,18807.160842463167,0.5
96,Biella,2008,4.829437,18978.970918426254,0.5
96,Biella,2009,6.61802,18773.562017750908,0.5
96,Biella,2010,8.045439,19113.045325640865,1.1
96,Biella,2011,8.251046,19632.498589196475,1.1
96,Biella,2012,8.758961,19633.540346301324,0.5
96,Biella,2013,9.608238,20243.459319723966,1.1
96,Biella,2014,10.384879,20555.379077368547,1.1
96,Biella,2015,9.25744,20967.00021276752,1.1
96,Biella,2016,7.916246,21146.102377841267,1.1
96,Biella,2017,7.189421,20872.675092936803,0.6
96,Biella,2018,6.474599,21724.64819895435,0.6
96,Biella,2019,8.003934,21745.19214803924,0.6
96,Biella,2020,6.64044,21286.239905754526,0.6
96,Biella,2021,6.01555,22182.26091396477,0.6
96,Biella,2022,3.750261,23397.54604068764,1.8
96,Biella,2023,3.97043,24502.895541505623,1.2
96,Biella,2024,3.339545,24502.895541505623,1.2
97,Lecco,2007,2.638544,22054.075784446923,1.2
97,Lecco,2008,3.202479,22332.41604568085,1.5
97,Lecco,2009,4.517407,22045.907871793417,0.6
97,Lecco,2010,5.231982,22248.347071671087,0.6
97,Lecco,2011,5.4896,22760.32817275051,0.6
97,Lecco,2012,6.845548,22675.06362644909,0.3
97,Lecco,2013,8.020326,23219.084913488052,0.3
97,Lecco,2014,7.343897,23626.20393800605,0.9
97,Lecco,2015,6.17961,24172.856282953264,0.9
97,Lecco,2016,5.845928,24352.72868692614,0.3
97,Lecco,2017,5.266418,24326.95183189742,0.3
97,Lecco,2018,5.634089,25190.54317829925,0.3
97,Lecco,2019,5.301,25152.964699006898,0.3
97,Lecco,2020,5.295328,24567.07652259845,0.9
97,Lecco,2021,5.492987,25928.20761216669,0.9
97,Lecco,2022,2.815521,27102.01011938512,0.3
97,Lecco,2023,3.034432,28229.11828367364,0.6
97,Lecco,2024,3.081567,28229.11828367364,0.6
98,Lodi,2007,3.28445,20278.978838358285,1.4
98,Lodi,2008,4.062778,20625.246087692525,1.4
98,Lodi,2009,4.763056,20688.98667443475,0.4
98,Lodi,2010,6.464999,20866.416912530105,0.4
98,Lodi,2011,5.838601,21258.37338850281,0.9
98,Lodi,2012,7.36119,21422.33267117264,0.4
98,Lodi,2013,8.786761,21893.824621955155,1.3
98,Lodi,2014,8.488703,22125.765181959217,1.3
98,Lodi,2015,7.961996,22551.535026972542,0.9
98,Lodi,2016,8.71965,22703.09894962407,0.4
98,Lodi,2017,7.384534,22578.33022695885,0.9
98,Lodi,2018,6.679999,23283.961880582185,0.9
98,Lodi,2019,6.364534,23319.45927543137,1.3
98,Lodi,2020,4.649011,22967.61792418598,1.3
98,Lodi,2021,4.58334,24054.179821683352,1.3
98,Lodi,2022,4.455401,25040.30517407148,0.4
98,Lodi,2023,4.713767,26201.76869992397,0.4
98,Lodi,2024,3.454526,26201.76869992397,0.4
99,Rimini,2007,4.536393,17074.917281255784,1.3
99,Rimini,2008,5.497585,17416.259761814163,1.3
99,Rimini,2009,7.418439,17302.92263850844,0.6
99,Rimini,2010,7.720456,17528.945425112164,0.3
99,Rimini,2011,7.738024,17874.159163866527,0.6
99,Rimini,2012,9.351604,17733.135806798615,0.6
99,Rimini,2013,11.428115,18208.110934619992,0.3
99,Rimini,2014,11.080247,18416.26871391139,1.5
99,Rimini,2015,9.54785,18719.513451936207,1.5
99,Rimini,2016,9.110922,19053.18650588413,0.6
99,Rimini,2017,10.164293,18690.70818673487,0.6
99,Rimini,2018,8.230259,19691.80591715518,0.3
99,Rimini,2019,8.018726,19611.20179617217,0.3
99,Rimini,2020,9.965109,18981.57569079637,0.6
99,Rimini,2021,7.409094,20324.194948764176,0.9
99,Rimini,2022,6.463128,21287.10697295756,1.2
99,Rimini,2023,7.425069,22276.54456146823,1.5
99,Rimini,2024,4.711378,22276.54456146823,1.5
100,Prato,2007,3.814826,18813.765998557723,0.4
100,Prato,2008,4.447844,18926.74760949314,1.2
100,Prato,2009,5.161966,18411.950660264105,1.2
100,Prato,2010,5.246517,18537.81193615169,1.2
100,Prato,2011,6.711972,18698.93358938622,2.8
100,Prato,2012,8.112389,18528.344799487808,0.8
100,Prato,2013,8.920897,19165.197287948267,1.6
100,Prato,2014,7.893928,19312.475664322414,1.2
100,Prato,2015,7.807952,19614.483994346054,1.2
100,Prato,2016,7.091917,20093.799436042307,0.4
100,Prato,2017,8.153655,19897.56242021563,0.4
100,Prato,2018,8.889694,21024.375555169845,0.4
100,Prato,2019,7.058801,21168.67849857408,0.4
100,Prato,2020,6.431844,20453.974791167155,0.8
100,Prato,2021,8.040962,21498.434262520517,1.5
100,Prato,2022,5.864881,22673.721417587167,1.5
100,Prato,2023,5.619694,23339.22742431953,0.8
100,Prato,2024,5.240687,23339.22742431953,0.8
101,Crotone,2007,10.326204,12473.316882012232,5.9
101,Crotone,2008,13.325267,12956.10744833231,6.4
101,Crotone,2009,11.934924,13006.918147123268,2.3
101,Crotone,2010,12.568809,12957.241223382389,1.7
101,Crotone,2011,17.102235,13186.911185710142,4.1
101,Crotone,2012,26.783082,12988.525908572485,2.3
101,Crotone,2013,26.223017,13207.838141158863,2.3
101,Crotone,2014,27.216691,13222.434019784076,3.5
101,Crotone,2015,31.455883,13378.434773048531,2.9
101,Crotone,2016,28.313386,13496.370873786407,0.6
101,Crotone,2017,28.962422,12595.726028543924,0.6
101,Crotone,2018,27.625461,13929.706162776078,2.3
101,Crotone,2019,28.836721,14080.04363689894,4.1
101,Crotone,2020,30.078755,14099.253080406368,4.1
101,Crotone,2021,20.330033,14812.427571818327,0.6
101,Crotone,2022,16.589095,15674.959959194082,1.2
101,Crotone,2023,12.9882,16704.045108051712,1.2
101,Crotone,2024,11.242338,16704.045108051712,1.2
102,Vibo Valentia,2007,14.832475,11990.255320714456,1.8
102,Vibo Valentia,2008,14.217022,12504.965532589646,6.0
102,Vibo Valentia,2009,12.842732,12799.576919805302,3.0
102,Vibo Valentia,2010,12.805517,12961.647102825247,6.7
102,Vibo Valentia,2011,13.121306,13228.547305691436,5.5
102,Vibo Valentia,2012,17.724614,13108.670823136386,7.4
102,Vibo Valentia,2013,22.038666,13379.295124003762,4.3
102,Vibo Valentia,2014,19.438991,13407.336533173342,4.3
102,Vibo Valentia,2015,18.428759,13714.564765329904,1.9
102,Vibo Valentia,2016,21.662529,13915.448811232323,1.9
102,Vibo Valentia,2017,17.950688,12929.683775615733,4.4
102,Vibo Valentia,2018,14.86993,14294.049534820157,6.4
102,Vibo Valentia,2019,17.618118,14367.33316165258,1.3
102,Vibo Valentia,2020,18.808619,14318.038259587927,0.7
102,Vibo Valentia,2021,19.22347,14956.55590913742,0.7
102,Vibo Valentia,2022,14.37435,15801.334612378314,1.3
102,Vibo Valentia,2023,13.971889,16948.00643826631,1.3
102,Vibo Valentia,2024,13.321566,16948.00643826631,1.3
103,Verbano-Cusio-Ossola,2007,3.1887,17665.92044442595,0.6
103,Verbano-Cusio-Ossola,2008,5.012535,17913.841653588006,0.6
103,Verbano-Cusio-Ossola,2009,5.031545,17892.724985715726,0.6
103,Verbano-Cusio-Ossola,2010,6.588904,18096.802851615077,0.6
103,Verbano-Cusio-Ossola,2011,5.41679,18403.7223454032,0.6
103,Verbano-Cusio-Ossola,2012,6.779224,18361.08635347514,0.6
103,Verbano-Cusio-Ossola,2013,7.33117,18870.677253559385,0.6
103,Verbano-Cusio-Ossola,2014,7.280767,18996.17356788531,0.6
103,Verbano-Cusio-Ossola,2015,5.804954,19399.752868168544,0.6
103,Verbano-Cusio-Ossola,2016,6.327244,19520.28010308828,0.6
103,Verbano-Cusio-Ossola,2017,6.839184,19152.183926118545,0.6
103,Verbano-Cusio-Ossola,2018,5.682099,20030.0367388936,0.6
103,Verbano-Cusio-Ossola,2019,5.891345,20030.8238395257,0.6
103,Verbano-Cusio-Ossola,2020,6.183459,19532.68493426114,0.6
103,Verbano-Cusio-Ossola,2021,5.807526,20435.434700277096,0.6
103,Verbano-Cusio-Ossola,2022,5.887769,21511.97283238483,0.6
103,Verbano-Cusio-Ossola,2023,5.457204,22681.416006569605,0.6
103,Verbano-Cusio-Ossola,2024,2.807623,22681.416006569605,0.6
108,Monza e della Brianza,2007,2.469593,24849.862175370992,1.2
108,Monza e della Brianza,2008,2.966384,25958.252669491067,1.0
108,Monza e della Brianza,2009,2.966384,22749.027861651808,1.0
108,Monza e della Brianza,2010,6.369299,23080.01405678209,1.0
108,Monza e della Brianza,2011,5.383701,23573.124323348384,0.5
108,Monza e della Brianza,2012,7.598635,23416.97485171081,0.5
108,Monza e della Brianza,2013,8.2407,23909.24986892502,0.4
108,Monza e della Brianza,2014,7.427528,24242.714911018527,0.7
108,Monza e della Brianza,2015,8.796071,24690.658244914423,0.1
108,Monza e della Brianza,2016,7.409419,24811.90304558273,0.3
108,Monza e della Brianza,2017,7.128279,24810.972058605512,0.7
108,Monza e della Brianza,2018,6.041033,25664.547620287645,0.8
108,Monza e della Brianza,2019,6.956219,25646.3451535011,0.1
108,Monza e della Brianza,2020,5.060978,25154.79154023032,0.3
108,Monza e della Brianza,2021,6.586393,26362.16986683762,0.3
108,Monza e della Brianza,2022,4.337675,27609.31766973157,0.2
108,Monza e della Brianza,2023,2.885119,28732.59022193243,0.1
108,Monza e della Brianza,2024,3.288598,28732.59022193243,0.1
109,Fermo,2007,5.505638,15957.753468085257,1.0
109,Fermo,2008,5.906211,16515.651047292762,0.5
109,Fermo,2009,5.906211,15716.43697107784,0.5
109,Fermo,2010,5.968536,16009.59451434596,0.5
109,Fermo,2011,7.326255,16539.734288154013,0.5
109,Fermo,2012,9.289804,16511.449328335624,0.5
109,Fermo,2013,8.333977,16995.406677260497,0.5
109,Fermo,2014,9.924578,17318.90210052214,1.7
109,Fermo,2015,8.63891,17604.36675408837,1.7
109,Fermo,2016,7.317749,17915.902287973844,1.7
109,Fermo,2017,8.66314,17549.429913748558,1.7
109,Fermo,2018,5.743739,18273.820614390937,1.7
109,Fermo,2019,5.772805,18477.107291086904,1.7
109,Fermo,2020,4.844475,17823.96630686571,1.2
109,Fermo,2021,4.82237,18848.60410337376,0.6
109,Fermo,2022,4.250453,20103.29209119099,0.6
109,Fermo,2023,3.090557,21234.30105042181,0.6
109,Fermo,2024,3.791995,21234.30105042181,0.6
110,Barletta-Andria-Trani,2007,9.539594,15336.852498286786,0.6
110,Barletta-Andria-Trani,2008,10.259392,16129.21050786168,0.9
110,Barletta-Andria-Trani,2009,10.259392,13707.285363976443,0.9
110,Barletta-Andria-Trani,2010,13.116194,13793.357122948895,0.9
110,Barletta-Andria-Trani,2011,12.805818,13889.673875744593,1.3
110,Barletta-Andria-Trani,2012,11.814658,13597.42753762101,1.8
110,Barletta-Andria-Trani,2013,22.209882,13941.741677762982,0.8
110,Barletta-Andria-Trani,2014,21.191281,14076.812397461215,0.5
110,Barletta-Andria-Trani,2015,20.650618,14279.926899206535,1.0
110,Barletta-Andria-Trani,2016,18.518242,14483.040494401326,0.5
110,Barletta-Andria-Trani,2017,17.325781,13432.622889932009,0.8
110,Barletta-Andria-Trani,2018,14.234617,14897.81206951,1.3
110,Barletta-Andria-Trani,2019,14.152741,14984.674759713354,1.8
110,Barletta-Andria-Trani,2020,13.705074,14846.472587069977,0.5
110,Barletta-Andria-Trani,2021,15.602245,15660.56609405278,0.5
110,Barletta-Andria-Trani,2022,10.983736,16522.937775487288,0.8
110,Barletta-Andria-Trani,2023,9.448285,17305.797441530656,0.8
110,Barletta-Andria-Trani,2024,6.648651,17305.797441530656,0.8
111,Sud Sardegna,2007,9.25727,16748.442933954528,0.8
111,Sud Sardegna,2008,11.327507,18139.846805822654,0.5
111,Sud Sardegna,2009,10.997656,18317.752574279944,0.7
111,Sud Sardegna,2010,12.463233,18479.704287796187,0.4
111,Sud Sardegna,2011,13.195008,18649.504975953525,1.3
111,Sud Sardegna,2012,15.488583,18571.770709898163,0.3
111,Sud Sardegna,2013,17.717351,19055.74864691468,1.0
111,Sud Sardegna,2014,17.938062,19119.142441056854,0.3
111,Sud Sardegna,2015,17.708338,19394.954717520177,0.7
111,Sud Sardegna,2016,14.299872,19561.602615049356,0.7
111,Sud Sardegna,2017,21.381224,19122.650035563776,0.8
111,Sud Sardegna,2018,17.727317,15561.643456417309,0.9
111,Sud Sardegna,2019,16.074114,15688.01869848195,0.5
111,Sud Sardegna,2020,12.058364,15691.170497198498,0.8
111,Sud Sardegna,2021,13.095375,16241.1396684418,0.9
111,Sud Sardegna,2022,12.0259,16955.56366214031,0.4
111,Sud Sardegna,2023,11.423849,18059.257521887237,0.4
111,Sud Sardegna,2024,8.14194,18059.257521887237,0.4
