id_categoria,descrizione,macro_gruppo,note
FB,FORNITURA DI BENI,FORNITURE,Codice speciale non-SOA per appalti di forniture beni
FS,FORNITURA DI SERVIZI,SERVIZI,Codice speciale non-SOA per appalti di servizi
AA,ALTRO (sistema qualificazione proprio),ALTRO,SA con sistema di qualificazione proprio (es. Consip)
999,OO.CC. - CATEGORIA NON DEFINITA,ALTRO,Default/non compilato
SS,SETTORI SPECIALI (legacy),SERVIZI,Codice legacy pre-NPA probabilmente Settori Speciali; non nel JSON ufficiale attuale
OG 1,EDIFICI CIVILI E INDUSTRIALI,LAVORI_EDILIZIA,
OG 2,RESTAURO E MANUTENZIONE BENI IMMOBILI SOTTO TUTELA,LAVORI_EDILIZIA,
OG 3,STRADE AUTOSTRADE PONTI VIADOTTI FERROVIE METROPOLITANE AEROPORTI,LAVORI_INFRASTRUTTURE,
OG 4,OPERE D'ARTE NEL SOTTOSUOLO,LAVORI_INFRASTRUTTURE,
OG 5,DIGHE,LAVORI_INFRASTRUTTURE,
OG 6,ACQUEDOTTI GASDOTTI OLEODOTTI IRRIGAZIONE EVACUAZIONE,LAVORI_INFRASTRUTTURE,
OG 7,OPERE MARITTIME E LAVORI DI DRAGAGGIO,LAVORI_INFRASTRUTTURE,
OG 8,OPERE FLUVIALI DIFESA SISTEMAZIONE IDRAULICA BONIFICA,LAVORI_INFRASTRUTTURE,
OG 9,IMPIANTI PER LA PRODUZIONE DI ENERGIA ELETTRICA,LAVORI_IMPIANTI,
OG 10,IMPIANTI TRASFORMAZIONE ALTA/MEDIA TENSIONE E DISTRIBUZIONE ENERGIA,LAVORI_IMPIANTI,
OG 11,IMPIANTI TECNOLOGICI,LAVORI_IMPIANTI,
OG 12,OPERE E IMPIANTI DI BONIFICA E PROTEZIONE AMBIENTALE,LAVORI_IMPIANTI,
OG 13,OPERE DI INGEGNERIA NATURALISTICA,LAVORI_IMPIANTI,
OS 1,LAVORI IN TERRA,LAVORI_SPECIALIZZATI,
OS 2-A,SUPERFICI DECORATE BENI IMMOBILI PATRIMONIO CULTURALE,LAVORI_SPECIALIZZATI,
OS 2-B,BENI CULTURALI MOBILI DI INTERESSE ARCHIVISTICO E LIBRARIO,LAVORI_SPECIALIZZATI,
OS 3,IMPIANTI IDRICO-SANITARIO CUCINE LAVANDERIE,LAVORI_IMPIANTI,
OS 4,IMPIANTI ELETTROMECCANICI TRASPORTATORI,LAVORI_IMPIANTI,
OS 5,IMPIANTI PNEUMATICI E ANTINTRUSIONE,LAVORI_IMPIANTI,
OS 6,FINITURE OPERE GENERALI MATERIALI LIGNEI PLASTICI METALLICI VETROSI,LAVORI_SPECIALIZZATI,
OS 7,FINITURE OPERE GENERALI DI NATURA EDILE E TECNICA,LAVORI_SPECIALIZZATI,
OS 8,OPERE DI IMPERMEABILIZZAZIONE,LAVORI_SPECIALIZZATI,
OS 9,IMPIANTI SEGNALETICA LUMINOSA E SICUREZZA TRAFFICO,LAVORI_IMPIANTI,
OS 10,SEGNALETICA STRADALE NON LUMINOSA,LAVORI_SPECIALIZZATI,
OS 11,APPARECCHIATURE STRUTTURALI SPECIALI,LAVORI_SPECIALIZZATI,
OS 12-A,BARRIERE STRADALI DI SICUREZZA,LAVORI_SPECIALIZZATI,
OS 12-B,BARRIERE PARAMASSI FERMANEVE E SIMILI,LAVORI_SPECIALIZZATI,
OS 13,STRUTTURE PREFABBRICATE IN CEMENTO ARMATO,LAVORI_SPECIALIZZATI,
OS 14,IMPIANTI DI SMALTIMENTO E RECUPERO RIFIUTI,LAVORI_IMPIANTI,
OS 15,PULIZIA DI ACQUE MARINE LACUSTRI FLUVIALI,LAVORI_SPECIALIZZATI,
OS 16,IMPIANTI PER CENTRALI PRODUZIONE ENERGIA ELETTRICA,LAVORI_IMPIANTI,
OS 17,LINEE TELEFONICHE E IMPIANTI DI TELEFONIA,LAVORI_IMPIANTI,
OS 18-A,COMPONENTI STRUTTURALI IN ACCIAIO,LAVORI_SPECIALIZZATI,
OS 18-B,COMPONENTI PER FACCIATE CONTINUE,LAVORI_SPECIALIZZATI,
OS 19,IMPIANTI RETI TELECOMUNICAZIONE E TRASMISSIONE DATI,LAVORI_IMPIANTI,
OS 20-A,RILEVAMENTI TOPOGRAFICI,LAVORI_SPECIALIZZATI,
OS 20-B,INDAGINI GEOGNOSTICHE,LAVORI_SPECIALIZZATI,
OS 21,OPERE STRUTTURALI SPECIALI,LAVORI_SPECIALIZZATI,
OS 22,IMPIANTI DI POTABILIZZAZIONE E DEPURAZIONE,LAVORI_IMPIANTI,
OS 23,DEMOLIZIONE DI OPERE,LAVORI_SPECIALIZZATI,
OS 24,VERDE E ARREDO URBANO,LAVORI_SPECIALIZZATI,
OS 25,SCAVI ARCHEOLOGICI,LAVORI_SPECIALIZZATI,
OS 26,PAVIMENTAZIONI E SOVRASTRUTTURE SPECIALI,LAVORI_SPECIALIZZATI,
OS 27,IMPIANTI PER LA TRAZIONE ELETTRICA,LAVORI_IMPIANTI,
OS 28,IMPIANTI TERMICI E DI CONDIZIONAMENTO,LAVORI_IMPIANTI,
OS 29,ARMAMENTO FERROVIARIO,LAVORI_INFRASTRUTTURE,
OS 30,IMPIANTI INTERNI ELETTRICI TELEFONICI RADIOTELEFONICI TELEVISIVI,LAVORI_IMPIANTI,
OS 31,IMPIANTI PER LA MOBILITA' SOSPESA,LAVORI_IMPIANTI,
OS 32,STRUTTURE IN LEGNO,LAVORI_SPECIALIZZATI,
OS 33,COPERTURE SPECIALI,LAVORI_SPECIALIZZATI,
OS 34,SISTEMI ANTIRUMORE PER INFRASTRUTTURE DI MOBILITA',LAVORI_SPECIALIZZATI,
OS 35,INTERVENTI A BASSO IMPATTO AMBIENTALE,LAVORI_SPECIALIZZATI,
OS 12,BARRIERE STRADALI/PARAMASSI (variante senza suffisso A/B - dato storico),LAVORI_SPECIALIZZATI,Variante legacy pre-split A/B
OS 18,COMPONENTI STRUTTURALI/FACCIATE (variante senza suffisso A/B - dato storico),LAVORI_SPECIALIZZATI,Variante legacy pre-split A/B
OS 2,SUPERFICI DECORATE/BENI CULTURALI (variante senza suffisso A/B - dato storico),LAVORI_SPECIALIZZATI,Variante legacy pre-split A/B
OS 20,RILEVAMENTI/INDAGINI (variante senza suffisso A/B - dato storico),LAVORI_SPECIALIZZATI,Variante legacy pre-split A/B
