CIG,fonte,motivo
64965946F6,sentenza_TAR,
7554714B34,sentenza_TAR,
76617292C9,sentenza_TAR,
7764012961,sentenza_TAR,
790711126B,sentenza_TAR,
79580159B8,sentenza_TAR,
79722783ED,sentenza_TAR,
8083524F04,sentenza_TAR,
81530784CE,sentenza_TAR,
81647905DA,sentenza_TAR,
82166176D8,sentenza_TAR,
8479422066,sentenza_TAR,
8482363B60,sentenza_TAR,
8503918721,sentenza_TAR,
857810080D,sentenza_TAR,
86356858B2,sentenza_TAR,
8763750B46,sentenza_TAR,
88311152A4,sentenza_TAR,
89103193D9,sentenza_TAR,
8931596A2D,sentenza_TAR,
8953280064,sentenza_TAR,
8955902421,sentenza_TAR,
8956266084,sentenza_TAR,
89932909AD,sentenza_TAR,
9039156381,sentenza_TAR,
9091270157,sentenza_TAR,
91486611E4,sentenza_TAR,
9190971534,sentenza_TAR,
9195557DAE,sentenza_TAR,
9201046F58,sentenza_TAR,
924913212F,sentenza_TAR,
92498165A2,sentenza_TAR,
92788361B3,sentenza_TAR,
93073013C2,sentenza_TAR,
9323549408,sentenza_TAR,
93235569CD,sentenza_TAR,
9323599D48,sentenza_TAR,
9342015AA6,sentenza_TAR,
934653088C,sentenza_TAR,
9349203661,sentenza_TAR,
9360720682,sentenza_TAR,
9399686246,sentenza_TAR,
9399687319,sentenza_TAR,
9399691665,sentenza_TAR,
9399912CC3,sentenza_TAR,
940240560F,sentenza_TAR,
94025204F6,sentenza_TAR,
940462915E,sentenza_TAR,
9420466E75,sentenza_TAR,
9420542D2D,sentenza_TAR,
94233992DC,sentenza_TAR,
9424068AED,sentenza_TAR,
942868904F,sentenza_TAR,
9428970830,sentenza_TAR,
9440796750,sentenza_TAR,
9447040806,sentenza_TAR,
9449309876,sentenza_TAR,
945116219D,sentenza_TAR,
94572555B6,sentenza_TAR,
9464220968,sentenza_TAR,
946793966D,sentenza_TAR,
9468259E7D,sentenza_TAR,
9468279EFE,sentenza_TAR,
9468298EAC,sentenza_TAR,
9478461176,sentenza_TAR,
9503782103,sentenza_TAR,
9507335509,sentenza_TAR,
95209665B1,sentenza_TAR,
9522366901,sentenza_TAR,
9529409D11,sentenza_TAR,
9531846826,sentenza_TAR,
9536121000,sentenza_TAR,
9536580AC4,sentenza_TAR,
9546667ED1,sentenza_TAR,
954927248B,sentenza_TAR,
9555371D96,sentenza_TAR,
955803974C,sentenza_TAR,
9561690C31,sentenza_TAR,
9561751E87,sentenza_TAR,
956513571A,sentenza_TAR,
957024827D,sentenza_TAR,
959394450B,sentenza_TAR,
959981953F,sentenza_TAR,
9609426D2F,sentenza_TAR,
96123813BD,sentenza_TAR,
9620495B9D,sentenza_TAR,
9620945EF6,sentenza_TAR,
9624577432,sentenza_TAR,
9625021299,sentenza_TAR,
9628389DF2,sentenza_TAR,
9628467E50,sentenza_TAR,
9631959005,sentenza_TAR,
9632441DC3,sentenza_TAR,
9635008421,sentenza_TAR,
9637542F3D,sentenza_TAR,
9637823723,sentenza_TAR,
9640970C1E,sentenza_TAR,
9644448244,sentenza_TAR,
9644910F81,sentenza_TAR,
9645077953,sentenza_TAR,
9651313371,sentenza_TAR,
9653868FE1,sentenza_TAR,
967192335A,sentenza_TAR,
9673912CB7,sentenza_TAR,
9680476582,sentenza_TAR,
9684984D9E,sentenza_TAR,
9686950406,sentenza_TAR,
9711369B36,sentenza_TAR,
9712304ECB,sentenza_TAR,
9717305DC0,sentenza_TAR,
9721786F96,sentenza_TAR,
9723724EE0,sentenza_TAR,
9734134D7B,sentenza_TAR,
97402661C8,sentenza_TAR,
97419943C5,sentenza_TAR,
974489803B,sentenza_TAR,
97449001E1,sentenza_TAR,
9744902387,sentenza_TAR,
974490452D,sentenza_TAR,
974625935C,sentenza_TAR,
9751333E8B,sentenza_TAR,
9752065A9D,sentenza_TAR,
97533986A5,sentenza_TAR,
9759008C28,sentenza_TAR,
9770925662,sentenza_TAR,
9773825F87,sentenza_TAR,
9774911FB9,sentenza_TAR,
977990159D,sentenza_TAR,
9784812A4B,sentenza_TAR,
97962698E9,sentenza_TAR,
9796512173,sentenza_TAR,
9799863EC4,sentenza_TAR,
98014078EC,sentenza_TAR,
9809169E52,sentenza_TAR,
9818492BE8,sentenza_TAR,
9824134BD5,sentenza_TAR,
9826732BC5,sentenza_TAR,
98309894C4,sentenza_TAR,
98313384C5,sentenza_TAR,
98390977B2,sentenza_TAR,
9839653287,sentenza_TAR,
98412318BA,sentenza_TAR,
9844395BBD,sentenza_TAR,
9845557AA7,sentenza_TAR,
98457054CB,sentenza_TAR,
9850124378,sentenza_TAR,
9850338411,sentenza_TAR,
985179673E,sentenza_TAR,
986207059E,sentenza_TAR,
9871500B7E,sentenza_TAR,
987201005F,sentenza_TAR,
9879022AD8,sentenza_TAR,
9879256BF2,sentenza_TAR,
9881099CD6,sentenza_TAR,
98820372E9,sentenza_TAR,
9884290624,sentenza_TAR,
9892032B09,sentenza_TAR,
989208786D,sentenza_TAR,
9892091BB9,sentenza_TAR,
9893143FDB,sentenza_TAR,
9893506B6B,sentenza_TAR,
9893828526,sentenza_TAR,
98992038BC,sentenza_TAR,
9899576C8A,sentenza_TAR,
9899950130,sentenza_TAR,
99078654D9,sentenza_TAR,
9914459663,sentenza_TAR,
991502162A,sentenza_TAR,
991565408A,sentenza_TAR,
9915747D45,sentenza_TAR,
99163574AB,sentenza_TAR,
99181479D1,sentenza_TAR,
992233490A,sentenza_TAR,
9925712CA6,sentenza_TAR,
9925827B8D,sentenza_TAR,
9932002355,sentenza_TAR,
9936882E6C,sentenza_TAR,
99407148B2,sentenza_TAR,
9947583D2B,sentenza_TAR,
99598708BA,sentenza_TAR,
99678680E5,sentenza_TAR,
9967902CF0,sentenza_TAR,
99692640E9,sentenza_TAR,
9980572490,sentenza_TAR,
99836028FE,sentenza_TAR,
A000E4AB7D,sentenza_TAR,
A002A106DA,sentenza_TAR,
A002A3CB28,sentenza_TAR,
A002F1399D,sentenza_TAR,
A003DA4EE0,sentenza_TAR,
A0083F01A9,sentenza_TAR,
A008D28D2E,sentenza_TAR,
A00A65863F,sentenza_TAR,
A00C433972,sentenza_TAR,
A00E8AC297,sentenza_TAR,
A0134ACA2E,sentenza_TAR,
A0145C77D9,sentenza_TAR,
A014D85B71,sentenza_TAR,
A0159C89D4,sentenza_TAR,
A015E188E1,sentenza_TAR,
A015ED65AD,sentenza_TAR,
A015EF6017,sentenza_TAR,
A01817145B,sentenza_TAR,
A01856FFB9,sentenza_TAR,
A01911F4D0,sentenza_TAR,
A01912381C,sentenza_TAR,
A019CC94F0,sentenza_TAR,
A019CD5ED4,sentenza_TAR,
A01A279677,sentenza_TAR,
A01A6C84B1,sentenza_TAR,
A01A91F301,sentenza_TAR,
A01AC6675D,sentenza_TAR,
A01AE3ECDD,sentenza_TAR,
A01B25F523,sentenza_TAR,
A01BDD8CD1,sentenza_TAR,
A01CD5EC44,sentenza_TAR,
A01CED3017,sentenza_TAR,
A01D36773F,sentenza_TAR,
A01D4C68E6,sentenza_TAR,
A01D6C8113,sentenza_TAR,
A01D7DB402,sentenza_TAR,
A01DC07559,sentenza_TAR,
A01E056393,sentenza_TAR,
A01EAB95D9,sentenza_TAR,
A01EEC08A7,sentenza_TAR,
A01FCBA152,sentenza_TAR,
A020557CEE,sentenza_TAR,
A021A2AC36,sentenza_TAR,
A022743B32,sentenza_TAR,
A022BCFBC2,sentenza_TAR,
A02369E72A,sentenza_TAR,
A023991636,sentenza_TAR,
A024441807,sentenza_TAR,
A024B365C2,sentenza_TAR,
A024CFDD3A,sentenza_TAR,
A024E8F8F9,sentenza_TAR,
A025EDCCA3,sentenza_TAR,
A028274C19,sentenza_TAR,
A028B9EC14,sentenza_TAR,
A0291F35C7,sentenza_TAR,
A02B31A17A,sentenza_TAR,
A02BE74F91,sentenza_TAR,
A02C84BE50,sentenza_TAR,
A02C8BCB91,sentenza_TAR,
A02D3A084D,sentenza_TAR,
A02D3BD03E,sentenza_TAR,
A02D514B48,sentenza_TAR,
A02D9A71A2,sentenza_TAR,
A02FEDD6BB,sentenza_TAR,
A03005E472,sentenza_TAR,
A03098739A,sentenza_TAR,
A032C80FD6,sentenza_TAR,
A032D9EBDB,sentenza_TAR,
A032F0B911,sentenza_TAR,
A0337738F4,sentenza_TAR,
A033EA4832,sentenza_TAR,
A0340A4EB4,sentenza_TAR,
A0349F0ABF,sentenza_TAR,
A0360B984B,sentenza_TAR,
A03640C690,sentenza_TAR,
A036D9441E,sentenza_TAR,
A038B28CB8,sentenza_TAR,
A0391A9AB9,sentenza_TAR,
A039EFEB38,sentenza_TAR,
A03A214727,sentenza_TAR,
A03A2EEB0C,sentenza_TAR,
A03B356501,sentenza_TAR,
A03BC7A00A,sentenza_TAR,
A03C7EE399,sentenza_TAR,
A03CCADE3C,sentenza_TAR,
A03D5D4BBE,sentenza_TAR,
A03F0D548A,sentenza_TAR,
A03F434CB3,sentenza_TAR,
A03FA1EE17,sentenza_TAR,
A03FA22168,sentenza_TAR,
A03FE11069,sentenza_TAR,
A03FFE95E9,sentenza_TAR,
A0405B91DA,sentenza_TAR,
A041B4F20D,sentenza_TAR,
A0422ECA68,sentenza_TAR,
A042314B6A,sentenza_TAR,
A042951150,sentenza_TAR,
A0434034C7,sentenza_TAR,
A043509CFA,sentenza_TAR,
A043D280A3,sentenza_TAR,
A043DB2284,sentenza_TAR,
A04424DF71,sentenza_TAR,
A04551F764,sentenza_TAR,
A0469EA014,sentenza_TAR,
A05224A6BE,sentenza_TAR,
B0010E0E9C,sentenza_TAR,
B00AA5A5C1,sentenza_TAR,
B00D4A0859,sentenza_TAR,
B01FC8EDD2,sentenza_TAR,
B02584D3EB,sentenza_TAR,
B02F4F284E,sentenza_TAR,
B03FD26F4A,sentenza_TAR,
B05166AAE0,sentenza_TAR,
B05E90461F,sentenza_TAR,
B065DC1BFF,sentenza_TAR,
B06825C134,sentenza_TAR,
B06E9F8180,sentenza_TAR,
B0889EC2E0,sentenza_TAR,
B08A5C09C7,sentenza_TAR,
B08C783636,sentenza_TAR,
B0932E8627,sentenza_TAR,
B09CFF82D9,sentenza_TAR,
B0A5ECAEC0,sentenza_TAR,
B0AD6A78D2,sentenza_TAR,
B0B2BBCF10,sentenza_TAR,
B0B78BEB93,sentenza_TAR,
B0C21B3915,sentenza_TAR,
B0C2C2DE55,sentenza_TAR,
B0C2C2EF28,sentenza_TAR,
B0C398949E,sentenza_TAR,
B0CAFF6EFC,sentenza_TAR,
B0CBBEBD01,sentenza_TAR,
B0D357CEDD,sentenza_TAR,
B0DCD4C676,sentenza_TAR,
B0E67B747A,sentenza_TAR,
B0F38FD723,sentenza_TAR,
B0F75CC56F,sentenza_TAR,
B101E6897D,sentenza_TAR,
B101E69A50,sentenza_TAR,
B102EB2AAE,sentenza_TAR,
B106E7DF71,sentenza_TAR,
B10B9F7878,sentenza_TAR,
B111930D00,sentenza_TAR,
B113749361,sentenza_TAR,
B11499900B,sentenza_TAR,
B11AE561CC,sentenza_TAR,
B12A8EBB37,sentenza_TAR,
B1310A651A,sentenza_TAR,
B1310A75ED,sentenza_TAR,
B13917C6B5,sentenza_TAR,
B13CA6A18F,sentenza_TAR,
B144FC4D1D,sentenza_TAR,
B14643C150,sentenza_TAR,
B14AC83677,sentenza_TAR,
B14AC8474A,sentenza_TAR,
B14AC8581D,sentenza_TAR,
B14E7E46BA,sentenza_TAR,
B152C988CD,sentenza_TAR,
B15A952646,sentenza_TAR,
B15BE4B4EA,sentenza_TAR,
B15FB32703,sentenza_TAR,
B161D1D474,sentenza_TAR,
B165CF973F,sentenza_TAR,
B16CFC74A5,sentenza_TAR,
B16D02A657,sentenza_TAR,
B1708BA39E,sentenza_TAR,
B173D724DE,sentenza_TAR,
B179A275F5,sentenza_TAR,
B1876F4BDB,sentenza_TAR,
B18FB43B17,sentenza_TAR,
B1946EDBB8,sentenza_TAR,
B198C95728,sentenza_TAR,
B1A12E1A6D,sentenza_TAR,
B1B6D7B0C0,sentenza_TAR,
B1C2EA9B78,sentenza_TAR,
B1CCEB91F2,sentenza_TAR,
B1CF85476C,sentenza_TAR,
B1D87C2414,sentenza_TAR,
B1D8F5977D,sentenza_TAR,
B1DC92F1CB,sentenza_TAR,
B1E0F8D36A,sentenza_TAR,
B1E37C0FCD,sentenza_TAR,
B1E8EB3087,sentenza_TAR,
B1EAD74188,sentenza_TAR,
B1EF72B65E,sentenza_TAR,
B1F34BC4C2,sentenza_TAR,
B1FC341123,sentenza_TAR,
B1FF37BD5D,sentenza_TAR,
B1FF6600DF,sentenza_TAR,
B20E04983A,sentenza_TAR,
B212ED05C0,sentenza_TAR,
B2193BEFEE,sentenza_TAR,
B221ECD12C,sentenza_TAR,
B226AA2548,sentenza_TAR,
B22C5F523F,sentenza_TAR,
B23006C168,sentenza_TAR,
B23006D23B,sentenza_TAR,
B23006E30E,sentenza_TAR,
B2360065FC,sentenza_TAR,
B236FAAE2E,sentenza_TAR,
B23ACDDEFF,sentenza_TAR,
B23B5B0731,sentenza_TAR,
B245DF5376,sentenza_TAR,
B24843326D,sentenza_TAR,
B24C2E5F4A,sentenza_TAR,
B24D10CD16,sentenza_TAR,
B24DA5677B,sentenza_TAR,
B250A180B4,sentenza_TAR,
B2587AD2E5,sentenza_TAR,
B25A0604CC,sentenza_TAR,
B25CD963F7,sentenza_TAR,
B2618ACA74,sentenza_TAR,
B2638BBF14,sentenza_TAR,
B265B3528A,sentenza_TAR,
B269276B5A,sentenza_TAR,
B26A109248,sentenza_TAR,
B2838EDC61,sentenza_TAR,
B28A7763D0,sentenza_TAR,
B28AED04E3,sentenza_TAR,
B28E8E6400,sentenza_TAR,
B28F59D21D,sentenza_TAR,
B29514BA29,sentenza_TAR,
B296CC8947,sentenza_TAR,
B29DD78767,sentenza_TAR,
B29E79D684,sentenza_TAR,
B29F3C5E9C,sentenza_TAR,
B29FAAC0CD,sentenza_TAR,
B29FAAD1A0,sentenza_TAR,
B29FBCDF46,sentenza_TAR,
B2A093F7B6,sentenza_TAR,
B2A167D53B,sentenza_TAR,
B2A3B45F8C,sentenza_TAR,
B2A5B97B79,sentenza_TAR,
B2AA0A8A4C,sentenza_TAR,
B2AAFCB80D,sentenza_TAR,
B2AE49BD1A,sentenza_TAR,
B2B09167E5,sentenza_TAR,
B2B1782E9F,sentenza_TAR,
B2B4773E9F,sentenza_TAR,
B2BD06C72F,sentenza_TAR,
B2C0D7CB1D,sentenza_TAR,
B2C138DCB0,sentenza_TAR,
B2C514C10D,sentenza_TAR,
B2C950B8F0,sentenza_TAR,
B2CA871B02,sentenza_TAR,
B2CB64FC8F,sentenza_TAR,
B2CC47CF4D,sentenza_TAR,
B2CDD2DF8E,sentenza_TAR,
B2D0A63EB9,sentenza_TAR,
B2D18D7C10,sentenza_TAR,
B2D4A11B90,sentenza_TAR,
B2D601AAAA,sentenza_TAR,
B2D875E1D9,sentenza_TAR,
B2E06622E6,sentenza_TAR,
B2E96E75C9,sentenza_TAR,
B2F06624EA,sentenza_TAR,
B2F124B906,sentenza_TAR,
B2F26DF452,sentenza_TAR,
B2F3FB4249,sentenza_TAR,
B2F55383A1,sentenza_TAR,
B2F6E64961,sentenza_TAR,
B305098494,sentenza_TAR,
B30957CE41,sentenza_TAR,
B30B2A3CEB,sentenza_TAR,
B30EF10A58,sentenza_TAR,
B31E94548F,sentenza_TAR,
B325412710,sentenza_TAR,
B32A7211DA,sentenza_TAR,
B332FA4905,sentenza_TAR,
B334174C0C,sentenza_TAR,
B338BF5797,sentenza_TAR,
B3434068F1,sentenza_TAR,
B350C0F015,sentenza_TAR,
B354FFCDEC,sentenza_TAR,
B35CAC2EC7,sentenza_TAR,
B368953173,sentenza_TAR,
B36B1FD00E,sentenza_TAR,
B36BD8A83D,sentenza_TAR,
B36F967ED2,sentenza_TAR,
B373A542EB,sentenza_TAR,
B373EB5000,sentenza_TAR,
B3999800C4,sentenza_TAR,
B3B73808FE,sentenza_TAR,
B3B73819D1,sentenza_TAR,
B3E5887CDB,sentenza_TAR,
B3F15BE1FF,sentenza_TAR,
B3F1AF92F9,sentenza_TAR,
B3F5BA623E,sentenza_TAR,
B3F7A5A883,sentenza_TAR,
B3FBD278B4,sentenza_TAR,
B3FE990EB1,sentenza_TAR,
B40094DFA7,sentenza_TAR,
B40366995F,sentenza_TAR,
B4037A7FC9,sentenza_TAR,
B4037D44EF,sentenza_TAR,
B4084CB85C,sentenza_TAR,
B41A91B1B0,sentenza_TAR,
B41F56672C,sentenza_TAR,
B421ADE2BF,sentenza_TAR,
B4276A4E98,sentenza_TAR,
B4282A45B3,sentenza_TAR,
B42A048B82,sentenza_TAR,
B42ABA3A71,sentenza_TAR,
B43E3ECF23,sentenza_TAR,
B4451002C4,sentenza_TAR,
B450466E16,sentenza_TAR,
B4527EBDDE,sentenza_TAR,
B45553A1AE,sentenza_TAR,
B4559B75DC,sentenza_TAR,
B4559B86AF,sentenza_TAR,
B4559BA855,sentenza_TAR,
B4559BC9FB,sentenza_TAR,
B4559C2EED,sentenza_TAR,
B4559C623E,sentenza_TAR,
B4559C83E4,sentenza_TAR,
B4559CA58A,sentenza_TAR,
B46784A2ED,sentenza_TAR,
B468925BC4,sentenza_TAR,
B4693E2851,sentenza_TAR,
B46E89D44D,sentenza_TAR,
B46F9A524A,sentenza_TAR,
B47106AC85,sentenza_TAR,
B4711D14C9,sentenza_TAR,
B47271C717,sentenza_TAR,
B47CE95B01,sentenza_TAR,
B47E11E6B5,sentenza_TAR,
B47E60A67E,sentenza_TAR,
B485537541,sentenza_TAR,
B4897338F8,sentenza_TAR,
B492791BAC,sentenza_TAR,
B4932A3E5C,sentenza_TAR,
B49D311269,sentenza_TAR,
B49E78EAB6,sentenza_TAR,
B4A12FC196,sentenza_TAR,
B4AB1D5766,sentenza_TAR,
B4BD01E765,sentenza_TAR,
B4BE1340F1,sentenza_TAR,
B4BEC03C54,sentenza_TAR,
B4C2E8704B,sentenza_TAR,
B4C44D1507,sentenza_TAR,
B4CB62065C,sentenza_TAR,
B4D25615A0,sentenza_TAR,
B4D348EB9F,sentenza_TAR,
B4D5B1FF13,sentenza_TAR,
B4D7792934,sentenza_TAR,
B4D97F20B0,sentenza_TAR,
B4DC634D00,sentenza_TAR,
B4DFF61BD6,sentenza_TAR,
B4EDB92105,sentenza_TAR,
B4FBF5664C,sentenza_TAR,
B4FCFC4533,sentenza_TAR,
B4FD2F89E1,sentenza_TAR,
B4FF64D20F,sentenza_TAR,
B4FF64E2E2,sentenza_TAR,
B501FAB533,sentenza_TAR,
B50360EE8F,sentenza_TAR,
B50E0B9586,sentenza_TAR,
B50FB5AF14,sentenza_TAR,
B51B31E507,sentenza_TAR,
B51B3206AD,sentenza_TAR,
B51DA38989,sentenza_TAR,
B51E011CE5,sentenza_TAR,
B533D577AB,sentenza_TAR,
B540A5D87C,sentenza_TAR,
B543E3F923,sentenza_TAR,
00836917FD,fine_contratto_ANAC,REATI ACCERTATI
0103366451,fine_contratto_ANAC,REATI ACCERTATI
01129243D4,fine_contratto_ANAC,REATI ACCERTATI
0150283174,fine_contratto_ANAC,REATI ACCERTATI
015080610C,fine_contratto_ANAC,REATI ACCERTATI
0179755284,fine_contratto_ANAC,REATI ACCERTATI
01953507E9,fine_contratto_ANAC,REATI ACCERTATI
0208932024,fine_contratto_ANAC,REATI ACCERTATI
0222596C04,fine_contratto_ANAC,REATI ACCERTATI
0224089C14,fine_contratto_ANAC,REATI ACCERTATI
02320169A6,fine_contratto_ANAC,REATI ACCERTATI
0234059F94,fine_contratto_ANAC,REATI ACCERTATI
0249395F3F,fine_contratto_ANAC,REATI ACCERTATI
0255288E4E,fine_contratto_ANAC,REATI ACCERTATI
0263663D93,fine_contratto_ANAC,REATI ACCERTATI
0265602DB0,fine_contratto_ANAC,REATI ACCERTATI
0290317928,fine_contratto_ANAC,REATI ACCERTATI
031609737E,fine_contratto_ANAC,REATI ACCERTATI
031772207D,fine_contratto_ANAC,REATI ACCERTATI
0348543AC5,fine_contratto_ANAC,REATI ACCERTATI
0352407F70,fine_contratto_ANAC,REATI ACCERTATI
03627040CF,fine_contratto_ANAC,REATI ACCERTATI
036830708D,fine_contratto_ANAC,REATI ACCERTATI
037325756A,fine_contratto_ANAC,REATI ACCERTATI
03738384DF,fine_contratto_ANAC,REATI ACCERTATI
03770439B7,fine_contratto_ANAC,REATI ACCERTATI
0378878403,fine_contratto_ANAC,REATI ACCERTATI
03895109CF,fine_contratto_ANAC,REATI ACCERTATI
0411042296,fine_contratto_ANAC,REATI ACCERTATI
041232013A,fine_contratto_ANAC,REATI ACCERTATI
043576764C,fine_contratto_ANAC,REATI ACCERTATI
0437027615,fine_contratto_ANAC,REATI ACCERTATI
0449104457,fine_contratto_ANAC,REATI ACCERTATI
046009740D,fine_contratto_ANAC,REATI ACCERTATI
0465006715,fine_contratto_ANAC,REATI ACCERTATI
0467122942,fine_contratto_ANAC,REATI ACCERTATI
0489523F24,fine_contratto_ANAC,REATI ACCERTATI
0489747800,fine_contratto_ANAC,REATI ACCERTATI
0499399516,fine_contratto_ANAC,REATI ACCERTATI
05015861DC,fine_contratto_ANAC,REATI ACCERTATI
05225516B8,fine_contratto_ANAC,REATI ACCERTATI
052601949B,fine_contratto_ANAC,REATI ACCERTATI
05325187BF,fine_contratto_ANAC,REATI ACCERTATI
05720327BB,fine_contratto_ANAC,REATI ACCERTATI
0588815182,fine_contratto_ANAC,REATI ACCERTATI
0589149521,fine_contratto_ANAC,REATI ACCERTATI
1446365A25,fine_contratto_ANAC,REATI ACCERTATI
21795258EB,fine_contratto_ANAC,REATI ACCERTATI
2499555A07,fine_contratto_ANAC,REATI ACCERTATI
25635715B5,fine_contratto_ANAC,REATI ACCERTATI
28077157B5,fine_contratto_ANAC,REATI ACCERTATI
2847116A70,fine_contratto_ANAC,REATI ACCERTATI
3068017FB4,fine_contratto_ANAC,REATI ACCERTATI
30827784E1,fine_contratto_ANAC,REATI ACCERTATI
335949789E,fine_contratto_ANAC,REATI ACCERTATI
3366620EB2,fine_contratto_ANAC,REATI ACCERTATI
3431492CC4,fine_contratto_ANAC,REATI ACCERTATI
4220926253,fine_contratto_ANAC,REATI ACCERTATI
432696005A,fine_contratto_ANAC,REATI ACCERTATI
4335544C14,fine_contratto_ANAC,REATI ACCERTATI
439674331A,fine_contratto_ANAC,REATI ACCERTATI
4490647721,fine_contratto_ANAC,REATI ACCERTATI
453211646F,fine_contratto_ANAC,REATI ACCERTATI
4535893151,fine_contratto_ANAC,REATI ACCERTATI
4578828864,fine_contratto_ANAC,REATI ACCERTATI
46006944CA,fine_contratto_ANAC,REATI ACCERTATI
4619016495,fine_contratto_ANAC,REATI ACCERTATI
462682726D,fine_contratto_ANAC,REATI ACCERTATI
4629466432,fine_contratto_ANAC,REATI ACCERTATI
4647733699,fine_contratto_ANAC,REATI ACCERTATI
46823193DF,fine_contratto_ANAC,REATI ACCERTATI
4780696324,fine_contratto_ANAC,REATI ACCERTATI
4790480D24,fine_contratto_ANAC,REATI ACCERTATI
48091468D1,fine_contratto_ANAC,REATI ACCERTATI
4856892212,fine_contratto_ANAC,REATI ACCERTATI
49194889EA,fine_contratto_ANAC,REATI ACCERTATI
51799695A4,fine_contratto_ANAC,REATI ACCERTATI
5199509290,fine_contratto_ANAC,REATI ACCERTATI
5211641E31,fine_contratto_ANAC,REATI ACCERTATI
53017538F9,fine_contratto_ANAC,REATI ACCERTATI
5303067553,fine_contratto_ANAC,REATI ACCERTATI
531838889C,fine_contratto_ANAC,REATI ACCERTATI
5338366EF8,fine_contratto_ANAC,REATI ACCERTATI
5340573C3F,fine_contratto_ANAC,REATI ACCERTATI
53450380E5,fine_contratto_ANAC,REATI ACCERTATI
540694502B,fine_contratto_ANAC,REATI ACCERTATI
5517065A0E,fine_contratto_ANAC,REATI ACCERTATI
56426649A1,fine_contratto_ANAC,REATI ACCERTATI
5708087E64,fine_contratto_ANAC,REATI ACCERTATI
572979693B,fine_contratto_ANAC,REATI ACCERTATI
58023380CB,fine_contratto_ANAC,REATI ACCERTATI
58298131E1,fine_contratto_ANAC,REATI ACCERTATI
58534725E6,fine_contratto_ANAC,REATI ACCERTATI
5888607837,fine_contratto_ANAC,REATI ACCERTATI
5890302EF7,fine_contratto_ANAC,REATI ACCERTATI
5896236FDB,fine_contratto_ANAC,REATI ACCERTATI
59030506F5,fine_contratto_ANAC,REATI ACCERTATI
5906022B86,fine_contratto_ANAC,REATI ACCERTATI
5906025DFF,fine_contratto_ANAC,REATI ACCERTATI
59060312F6,fine_contratto_ANAC,REATI ACCERTATI
59126053FF,fine_contratto_ANAC,REATI ACCERTATI
5953177D0F,fine_contratto_ANAC,REATI ACCERTATI
5973721683,fine_contratto_ANAC,REATI ACCERTATI
5995905953,fine_contratto_ANAC,REATI ACCERTATI
6038136B72,fine_contratto_ANAC,REATI ACCERTATI
606503620A,fine_contratto_ANAC,REATI ACCERTATI
60654106AB,fine_contratto_ANAC,REATI ACCERTATI
6086786EB1,fine_contratto_ANAC,REATI ACCERTATI
6141795192,fine_contratto_ANAC,REATI ACCERTATI
61907364F5,fine_contratto_ANAC,REATI ACCERTATI
6204467822,fine_contratto_ANAC,REATI ACCERTATI
62510387BD,fine_contratto_ANAC,REATI ACCERTATI
6259480E4A,fine_contratto_ANAC,REATI ACCERTATI
62705036C4,fine_contratto_ANAC,REATI ACCERTATI
6333758E6F,fine_contratto_ANAC,REATI ACCERTATI
6346557085,fine_contratto_ANAC,REATI ACCERTATI
635426160E,fine_contratto_ANAC,REATI ACCERTATI
6397432FE1,fine_contratto_ANAC,REATI ACCERTATI
6430130722,fine_contratto_ANAC,REATI ACCERTATI
6469901B32,fine_contratto_ANAC,REATI ACCERTATI
647916259F,fine_contratto_ANAC,REATI ACCERTATI
6484947B8C,fine_contratto_ANAC,REATI ACCERTATI
6489668373,fine_contratto_ANAC,REATI ACCERTATI
64897517F0,fine_contratto_ANAC,REATI ACCERTATI
6520962413,fine_contratto_ANAC,REATI ACCERTATI
6544987621,fine_contratto_ANAC,REATI ACCERTATI
66121273D0,fine_contratto_ANAC,REATI ACCERTATI
66331833C6,fine_contratto_ANAC,REATI ACCERTATI
666601164B,fine_contratto_ANAC,REATI ACCERTATI
67367237AE,fine_contratto_ANAC,REATI ACCERTATI
673674275C,fine_contratto_ANAC,REATI ACCERTATI
6747352B01,fine_contratto_ANAC,REATI ACCERTATI
6759635344,fine_contratto_ANAC,REATI ACCERTATI
6769360C94,fine_contratto_ANAC,REATI ACCERTATI
6770336203,fine_contratto_ANAC,REATI ACCERTATI
6771044A43,fine_contratto_ANAC,REATI ACCERTATI
68025612EC,fine_contratto_ANAC,REATI ACCERTATI
68238589C1,fine_contratto_ANAC,REATI ACCERTATI
68367329B7,fine_contratto_ANAC,REATI ACCERTATI
6862080F8A,fine_contratto_ANAC,REATI ACCERTATI
68832551B8,fine_contratto_ANAC,REATI ACCERTATI
6901011E6B,fine_contratto_ANAC,REATI ACCERTATI
69078634E1,fine_contratto_ANAC,REATI ACCERTATI
6921330E30,fine_contratto_ANAC,REATI ACCERTATI
6939606807,fine_contratto_ANAC,REATI ACCERTATI
6968461BEC,fine_contratto_ANAC,REATI ACCERTATI
70270400DB,fine_contratto_ANAC,REATI ACCERTATI
70781978F0,fine_contratto_ANAC,REATI ACCERTATI
7092655410,fine_contratto_ANAC,REATI ACCERTATI
7094583B17,fine_contratto_ANAC,REATI ACCERTATI
7094595500,fine_contratto_ANAC,REATI ACCERTATI
7137222DE7,fine_contratto_ANAC,REATI ACCERTATI
7201961E37,fine_contratto_ANAC,REATI ACCERTATI
72224423AF,fine_contratto_ANAC,REATI ACCERTATI
725330724A,fine_contratto_ANAC,REATI ACCERTATI
72715787FD,fine_contratto_ANAC,REATI ACCERTATI
7274359EEF,fine_contratto_ANAC,REATI ACCERTATI
72979781F7,fine_contratto_ANAC,REATI ACCERTATI
7327850D1B,fine_contratto_ANAC,REATI ACCERTATI
74026869BB,fine_contratto_ANAC,REATI ACCERTATI
7452993463,fine_contratto_ANAC,REATI ACCERTATI
7496086DD8,fine_contratto_ANAC,REATI ACCERTATI
75452254A4,fine_contratto_ANAC,REATI ACCERTATI
75629453A6,fine_contratto_ANAC,REATI ACCERTATI
756504589E,fine_contratto_ANAC,REATI ACCERTATI
759707047D,fine_contratto_ANAC,REATI ACCERTATI
7618574626,fine_contratto_ANAC,REATI ACCERTATI
7625520A2A,fine_contratto_ANAC,REATI ACCERTATI
7628421427,fine_contratto_ANAC,REATI ACCERTATI
7640537298,fine_contratto_ANAC,REATI ACCERTATI
766105241B,fine_contratto_ANAC,REATI ACCERTATI
76915568CC,fine_contratto_ANAC,REATI ACCERTATI
7693234189,fine_contratto_ANAC,REATI ACCERTATI
7711615204,fine_contratto_ANAC,REATI ACCERTATI
772173514E,fine_contratto_ANAC,REATI ACCERTATI
776209074C,fine_contratto_ANAC,REATI ACCERTATI
776238069D,fine_contratto_ANAC,REATI ACCERTATI
7770683A76,fine_contratto_ANAC,REATI ACCERTATI
7788327AC0,fine_contratto_ANAC,REATI ACCERTATI
78368293E0,fine_contratto_ANAC,REATI ACCERTATI
7859536648,fine_contratto_ANAC,REATI ACCERTATI
7894238348,fine_contratto_ANAC,REATI ACCERTATI
7899096C38,fine_contratto_ANAC,REATI ACCERTATI
791771511E,fine_contratto_ANAC,REATI ACCERTATI
7925574690,fine_contratto_ANAC,REATI ACCERTATI
7967406F69,fine_contratto_ANAC,RECESSO DAL CONTRATTO (CODICE ANTIMAFIA)
7972625248,fine_contratto_ANAC,RECESSO DAL CONTRATTO (CODICE ANTIMAFIA)
798502289A,fine_contratto_ANAC,REATI ACCERTATI
7994607E63,fine_contratto_ANAC,REATI ACCERTATI
8058452CF3,fine_contratto_ANAC,RECESSO DAL CONTRATTO (CODICE ANTIMAFIA)
8061454A48,fine_contratto_ANAC,RECESSO DAL CONTRATTO (CODICE ANTIMAFIA)
8111092CDA,fine_contratto_ANAC,REATI ACCERTATI
8141397D54,fine_contratto_ANAC,RECESSO DAL CONTRATTO (CODICE ANTIMAFIA)
81496464A1,fine_contratto_ANAC,REATI ACCERTATI
8187874F5C,fine_contratto_ANAC,RECESSO DAL CONTRATTO (CODICE ANTIMAFIA)
8227989F4E,fine_contratto_ANAC,REATI ACCERTATI
8228092451,fine_contratto_ANAC,REATI ACCERTATI
8238609B36,fine_contratto_ANAC,RECESSO DAL CONTRATTO (CODICE ANTIMAFIA)
8240794656,fine_contratto_ANAC,REATI ACCERTATI
82723574F3,fine_contratto_ANAC,REATI ACCERTATI
8276413810,fine_contratto_ANAC,REATI ACCERTATI
8344360FB1,fine_contratto_ANAC,RECESSO DAL CONTRATTO (CODICE ANTIMAFIA)
835834547E,fine_contratto_ANAC,REATI ACCERTATI
836023080A,fine_contratto_ANAC,RECESSO DAL CONTRATTO (CODICE ANTIMAFIA)
8396464549,fine_contratto_ANAC,RECESSO DAL CONTRATTO (CODICE ANTIMAFIA)
8411087890,fine_contratto_ANAC,REATI ACCERTATI
8473504CB2,fine_contratto_ANAC,RECESSO DAL CONTRATTO (CODICE ANTIMAFIA)
85288841BB,fine_contratto_ANAC,REATI ACCERTATI
8551086366,fine_contratto_ANAC,RECESSO DAL CONTRATTO (CODICE ANTIMAFIA)
8623106C2C,fine_contratto_ANAC,REATI ACCERTATI
87590737B2,fine_contratto_ANAC,REATI ACCERTATI
8768714BB2,fine_contratto_ANAC,RECESSO DAL CONTRATTO (CODICE ANTIMAFIA)
87863873ED,fine_contratto_ANAC,RECESSO DAL CONTRATTO (CODICE ANTIMAFIA)
88479138C8,fine_contratto_ANAC,REATI ACCERTATI
8906899D90,fine_contratto_ANAC,REATI ACCERTATI
8934055769,fine_contratto_ANAC,RECESSO DAL CONTRATTO (CODICE ANTIMAFIA)
9012240FB4,fine_contratto_ANAC,REATI ACCERTATI
90269044D5,fine_contratto_ANAC,REATI ACCERTATI
9026930A48,fine_contratto_ANAC,REATI ACCERTATI
9110871099,fine_contratto_ANAC,RECESSO DAL CONTRATTO (CODICE ANTIMAFIA)
9213947599,fine_contratto_ANAC,RECESSO DAL CONTRATTO (CODICE ANTIMAFIA)
92278159D4,fine_contratto_ANAC,RECESSO DAL CONTRATTO (CODICE ANTIMAFIA)
9323366D01,fine_contratto_ANAC,REATI ACCERTATI
9328749734,fine_contratto_ANAC,RECESSO DAL CONTRATTO (CODICE ANTIMAFIA)
9422852F72,fine_contratto_ANAC,REATI ACCERTATI
94408389F8,fine_contratto_ANAC,RECESSO DAL CONTRATTO (CODICE ANTIMAFIA)
9450904CB1,fine_contratto_ANAC,RECESSO DAL CONTRATTO (CODICE ANTIMAFIA)
9485206F98,fine_contratto_ANAC,RECESSO DAL CONTRATTO (CODICE ANTIMAFIA)
9680900368,fine_contratto_ANAC,RECESSO DAL CONTRATTO (CODICE ANTIMAFIA)
9701938483,fine_contratto_ANAC,REATI ACCERTATI
9881441712,fine_contratto_ANAC,REATI ACCERTATI
9923966BCE,fine_contratto_ANAC,REATI ACCERTATI
993032181F,fine_contratto_ANAC,REATI ACCERTATI
9930328DE4,fine_contratto_ANAC,REATI ACCERTATI
A037F1ED5F,fine_contratto_ANAC,REATI ACCERTATI
A03FB79C72,fine_contratto_ANAC,REATI ACCERTATI
B547657364,fine_contratto_ANAC,REATI ACCERTATI
